One-piece set,456 m F14,Gerbera,9m,60-70 cm, $57 , $76 ,7,winter,Girl, NANO , NONE , NONE , NONE ,One-piece winter set + booties + mittens
One-piece set,456 m F14,Gerbera,12m,65-75 cm, $57 , $76 ,0,winter,Girl, NANO , NONE , NONE , NONE ,One-piece winter set + booties + mittens
One-piece set,456 m F14,Gerbera,18m,72-82 cm, $57 , $76 ,0,winter,Girl, NANO , NONE , NONE , NONE ,One-piece winter set + booties + mittens
One-piece set,456 m F14,Gerbera,24m,80-90 cm, $57 , $76 ,7,winter,Girl, NANO , NONE , NONE , NONE ,One-piece winter set + booties + mittens
One-piece set,456 m F14,Gerbera,30m,85-95 cm, $57 , $76 ,2,winter,Girl, NANO , NONE , NONE , NONE ,One-piece winter set + booties + mittens
One-piece set,456 m F14,Gerbera,36m,90-100 cm, $57 , $76 ,2,winter,Girl, NANO , NONE , NONE , NONE ,One-piece winter set + booties + mittens
One-piece set,465 m F14,Ferrari Red,9m,60-70 cm, $57 , $76 ,0,winter,Boy, NANO , NONE , NONE , NONE ,One-piece winter set + booties + mittens
One-piece set,465 m F14,Ferrari Red,12m,65-75 cm, $57 , $76 ,0,winter,Boy, NANO , NONE , NONE , NONE ,One-piece winter set + booties + mittens
One-piece set,465 m F14,Ferrari Red,18m,72-82 cm, $57 , $76 ,0,winter,Boy, NANO , NONE , NONE , NONE ,One-piece winter set + booties + mittens
One-piece set,465 m F14,Ferrari Red,24m,80-90 cm, $57 , $76 ,5,winter,Boy, NANO , NONE , NONE , NONE ,One-piece winter set + booties + mittens
One-piece set,465 m F14,Ferrari Red,30m,85-95 cm, $57 , $76 ,3,winter,Boy, NANO , NONE , NONE , NONE ,One-piece winter set + booties + mittens
One-piece set,465 m F14,Ferrari Red,36m,90-100 cm, $57 , $76 ,3,winter,Boy, NANO , NONE , NONE , NONE ,One-piece winter set + booties + mittens
set,256 m F14,Gerbera,12m,74-84 cm, $75 , $100 ,0,winter,Girl, NANO , NONE , NONE , NONE ,Winter set 2 pieces. Jacket + bib pants
set,256 m F14,Gerbera,18m,80-88 cm, $75 , $100 ,0,winter,Girl, NANO , NONE , NONE , NONE ,Winter set 2 pieces. Jacket + bib pants
set,256 m F14,Gerbera,24m,85-92 cm, $75 , $100 ,4,winter,Girl, NANO , NONE , NONE , NONE ,Winter set 2 pieces. Jacket + bib pants
set,256 m F14,Gerbera,2,89-95 cm, $85 , $110 ,0,winter,Girl, NANO , NONE , NONE , NONE ,Winter set 2 pieces. Jacket + bib pants
set,256 m F14,Gerbera,3,93-100 cm, $85 , $110 ,3,winter,Girl, NANO , NONE , NONE , NONE ,Winter set 2 pieces. Jacket + bib pants
set,256 m F14,Gerbera,3X,96-105 cm, $85 , $110 ,4,winter,Girl, NANO , NONE , NONE , NONE ,Winter set 2 pieces. Jacket + bib pants
set,256 m F14,Gerbera,4,100-110 cm, $85 , $110 ,1,winter,Girl, NANO , NONE , NONE , NONE ,Winter set 2 pieces. Jacket + bib pants
set,256 m F14,Gerbera,5,105-115 cm, $85 , $110 ,0,winter,Girl, NANO , NONE , NONE , NONE ,Winter set 2 pieces. Jacket + bib pants
set,256 m F14,Gerbera,6,112-118 cm, $85 , $110 ,1,winter,Girl, NANO , NONE , NONE , NONE ,Winter set 2 pieces. Jacket + bib pants
set,266 m F14,Virtual Pink,12m,74-84 cm, $75 , $100 ,0,winter,Girl, NANO , NONE , NONE , NONE ,Winter set 2 pieces. Jacket + bib pants
set,266 m F14,Virtual Pink,18m,80-88 cm, $75 , $100 ,1,winter,Girl, NANO , NONE , NONE , NONE ,Winter set 2 pieces. Jacket + bib pants
set,266 m F14,Virtual Pink,24m,85-92 cm, $75 , $100 ,3,winter,Girl, NANO , NONE , NONE , NONE ,Winter set 2 pieces. Jacket + bib pants
set,266 m F14,Virtual Pink,2,89-95 cm, $85 , $110 ,1,winter,Girl, NANO , NONE , NONE , NONE ,Winter set 2 pieces. Jacket + bib pants
set,266 m F14,Virtual Pink,3,93-100 cm, $85 , $110 ,1,winter,Girl, NANO , NONE , NONE , NONE ,Winter set 2 pieces. Jacket + bib pants
set,266 m F14,Virtual Pink,3X,96-105 cm, $85 , $110 ,4,winter,Girl, NANO , NONE , NONE , NONE ,Winter set 2 pieces. Jacket + bib pants
set,266 m F14,Virtual Pink,4,100-110 cm, $85 , $110 ,1,winter,Girl, NANO , NONE , NONE , NONE ,Winter set 2 pieces. Jacket + bib pants
set,266 m F14,Virtual Pink,5,105-115 cm, $85 , $110 ,0,winter,Girl, NANO , NONE , NONE , NONE ,Winter set 2 pieces. Jacket + bib pants
set,266 m F14,Virtual Pink,6,112-118 cm, $85 , $110 ,4,winter,Girl, NANO , NONE , NONE , NONE ,Winter set 2 pieces. Jacket + bib pants
set,266 m F14,Virtual Pink,6X,116-124 cm, $85 , $110 ,6,winter,Girl, NANO , NONE , NONE , NONE ,Winter set 2 pieces. Jacket + bib pants
set,266 m F14,Virtual Pink,7,118-128 cm, $85 , $110 ,3,winter,Girl, NANO , NONE , NONE , NONE ,Winter set 2 pieces. Jacket + bib pants
set,266 m F14,Virtual Pink,8,124-132 cm, $85 , $110 ,1,winter,Girl, NANO , NONE , NONE , NONE ,Winter set 2 pieces. Jacket + bib pants
set,266 m F14,Virtual Pink,10,128-136 cm, $85 , $110 ,2,winter,Girl, NANO , NONE , NONE , NONE ,Winter set 2 pieces. Jacket + bib pants
set,276 m F14,Phlox Pink,2,89-95 cm, $85 , $110 ,1,winter,Girl, NANO , NONE , NONE , NONE ,Winter set 2 pieces. Jacket + bib pants
set,276 m F14,Phlox Pink,3,93-100 cm, $85 , $110 ,0,winter,Girl, NANO , NONE , NONE , NONE ,Winter set 2 pieces. Jacket + bib pants
set,276 m F14,Phlox Pink,3X,96-105 cm, $85 , $110 ,1,winter,Girl, NANO , NONE , NONE , NONE ,Winter set 2 pieces. Jacket + bib pants
set,276 m F14,Phlox Pink,4,100-110 cm, $85 , $110 ,0,winter,Girl, NANO , NONE , NONE , NONE ,Winter set 2 pieces. Jacket + bib pants
set,276 m F14,Phlox Pink,5,105-115 cm, $85 , $110 ,0,winter,Girl, NANO , NONE , NONE , NONE ,Winter set 2 pieces. Jacket + bib pants
set,276 m F14,Phlox Pink,6,112-118 cm, $85 , $110 ,8,winter,Girl, NANO , NONE , NONE , NONE ,Winter set 2 pieces. Jacket + bib pants
set,276 m F14,Phlox Pink,6X,116-124 cm, $85 , $110 ,5,winter,Girl, NANO , NONE , NONE , NONE ,Winter set 2 pieces. Jacket + bib pants
set,276 m F14,Phlox Pink,7,118-128 cm, $85 , $110 ,5,winter,Girl, NANO , NONE , NONE , NONE ,Winter set 2 pieces. Jacket + bib pants
set,276 m F14,Phlox Pink,8,124-132 cm, $85 , $110 ,7,winter,Girl, NANO , NONE , NONE , NONE ,Winter set 2 pieces. Jacket + bib pants
set,276 m F14,Phlox Pink,10,128-136 cm, $85 , $110 ,1,winter,Girl, NANO , NONE , NONE , NONE ,Winter set 2 pieces. Jacket + bib pants
set,278 m F14,Very Berry,2,89-95 cm, $85 , $110 ,0,winter,Girl, NANO , NONE , NONE , NONE ,Winter set 2 pieces. Jacket + bib pants
set,278 m F14,Very Berry,3,93-100 cm, $85 , $110 ,0,winter,Girl, NANO , NONE , NONE , NONE ,Winter set 2 pieces. Jacket + bib pants
set,278 m F14,Very Berry,3X,96-105 cm, $85 , $110 ,0,winter,Girl, NANO , NONE , NONE , NONE ,Winter set 2 pieces. Jacket + bib pants
set,278 m F14,Very Berry,4,100-110 cm, $85 , $110 ,0,winter,Girl, NANO , NONE , NONE , NONE ,Winter set 2 pieces. Jacket + bib pants
set,278 m F14,Very Berry,5,105-115 cm, $85 , $110 ,0,winter,Girl, NANO , NONE , NONE , NONE ,Winter set 2 pieces. Jacket + bib pants
set,278 m F14,Very Berry,6,112-118 cm, $85 , $110 ,1,winter,Girl, NANO , NONE , NONE , NONE ,Winter set 2 pieces. Jacket + bib pants
set,278 m F14,Very Berry,6X,116-124 cm, $85 , $110 ,3,winter,Girl, NANO , NONE , NONE , NONE ,Winter set 2 pieces. Jacket + bib pants
set,278 m F14,Very Berry,7,118-128 cm, $85 , $110 ,2,winter,Girl, NANO , NONE , NONE , NONE ,Winter set 2 pieces. Jacket + bib pants
set,278 m F14,Very Berry,8,124-132 cm, $85 , $110 ,4,winter,Girl, NANO , NONE , NONE , NONE ,Winter set 2 pieces. Jacket + bib pants
set,278 m F14,Very Berry,10,128-136 cm, $85 , $110 ,3,winter,Girl, NANO , NONE , NONE , NONE ,Winter set 2 pieces. Jacket + bib pants
set,284 m F14,Purple,2,89-95 cm, $85 , $110 ,0,winter,Girl, NANO , NONE , NONE , NONE ,Winter set 2 pieces. Jacket + bib pants
set,284 m F14,Purple,3,93-100 cm, $85 , $110 ,0,winter,Girl, NANO , NONE , NONE , NONE ,Winter set 2 pieces. Jacket + bib pants
set,284 m F14,Purple,3X,96-105 cm, $85 , $110 ,0,winter,Girl, NANO , NONE , NONE , NONE ,Winter set 2 pieces. Jacket + bib pants
set,284 m F14,Purple,4,100-110 cm, $85 , $110 ,0,winter,Girl, NANO , NONE , NONE , NONE ,Winter set 2 pieces. Jacket + bib pants
set,284 m F14,Purple,5,105-115 cm, $85 , $110 ,1,winter,Girl, NANO , NONE , NONE , NONE ,Winter set 2 pieces. Jacket + bib pants
set,284 m F14,Purple,6,112-118 cm, $85 , $110 ,1,winter,Girl, NANO , NONE , NONE , NONE ,Winter set 2 pieces. Jacket + bib pants
set,284 m F14,Purple,6X,116-124 cm, $85 , $110 ,2,winter,Girl, NANO , NONE , NONE , NONE ,Winter set 2 pieces. Jacket + bib pants
set,284 m F14,Purple,7,118-128 cm, $85 , $110 ,1,winter,Girl, NANO , NONE , NONE , NONE ,Winter set 2 pieces. Jacket + bib pants
set,284 m F14,Purple,8,124-132 cm, $85 , $110 ,3,winter,Girl, NANO , NONE , NONE , NONE ,Winter set 2 pieces. Jacket + bib pants
set,284 m F14,Purple,10,128-136 cm, $85 , $110 ,0,winter,Girl, NANO , NONE , NONE , NONE ,Winter set 2 pieces. Jacket + bib pants
set,290 m F14,Virtual Pink,12m,74-84 cm, $75 , $100 ,0,winter,Girl, NANO , NONE , NONE , NONE ,Winter set 2 pieces. Jacket + bib pants
set,290 m F14,Virtual Pink,18m,80-88 cm, $75 , $100 ,0,winter,Girl, NANO , NONE , NONE , NONE ,Winter set 2 pieces. Jacket + bib pants
set,290 m F14,Virtual Pink,24m,85-92 cm, $75 , $100 ,0,winter,Girl, NANO , NONE , NONE , NONE ,Winter set 2 pieces. Jacket + bib pants
set,290 m F14,Virtual Pink,2,89-95 cm, $85 , $110 ,0,winter,Girl, NANO , NONE , NONE , NONE ,Winter set 2 pieces. Jacket + bib pants
set,290 m F14,Virtual Pink,3,93-100 cm, $85 , $110 ,0,winter,Girl, NANO , NONE , NONE , NONE ,Winter set 2 pieces. Jacket + bib pants
set,290 m F14,Virtual Pink,3X,96-105 cm, $85 , $110 ,0,winter,Girl, NANO , NONE , NONE , NONE ,Winter set 2 pieces. Jacket + bib pants
set,290 m F14,Virtual Pink,4,100-110 cm, $85 , $110 ,0,winter,Girl, NANO , NONE , NONE , NONE ,Winter set 2 pieces. Jacket + bib pants
set,290 m F14,Virtual Pink,5,105-115 cm, $85 , $110 ,0,winter,Girl, NANO , NONE , NONE , NONE ,Winter set 2 pieces. Jacket + bib pants
set,290 m F14,Virtual Pink,6,112-118 cm, $85 , $110 ,0,winter,Girl, NANO , NONE , NONE , NONE ,Winter set 2 pieces. Jacket + bib pants
set,290 m F14,Virtual Pink,6X,116-124 cm, $85 , $110 ,0,winter,Girl, NANO , NONE , NONE , NONE ,Winter set 2 pieces. Jacket + bib pants
set,290 m F14,Virtual Pink,7,118-128 cm, $85 , $110 ,0,winter,Girl, NANO , NONE , NONE , NONE ,Winter set 2 pieces. Jacket + bib pants
set,290 m F14,Virtual Pink,8,124-132 cm, $85 , $110 ,0,winter,Girl, NANO , NONE , NONE , NONE ,Winter set 2 pieces. Jacket + bib pants
set,290 m F14,Virtual Pink,10,128-136 cm, $85 , $110 ,0,winter,Girl, NANO , NONE , NONE , NONE ,Winter set 2 pieces. Jacket + bib pants
set,290 m F14,Deep Grey,12m,74-84 cm, $75 , $100 ,0,winter,Girl, NANO , NONE , NONE , NONE ,Winter set 2 pieces. Jacket + bib pants
set,290 m F14,Deep Grey,18m,80-88 cm, $75 , $100 ,0,winter,Girl, NANO , NONE , NONE , NONE ,Winter set 2 pieces. Jacket + bib pants
set,290 m F14,Deep Grey,24m,85-92 cm, $75 , $100 ,0,winter,Girl, NANO , NONE , NONE , NONE ,Winter set 2 pieces. Jacket + bib pants
set,290 m F14,Deep Grey,2,89-95 cm, $85 , $110 ,0,winter,Girl, NANO , NONE , NONE , NONE ,Winter set 2 pieces. Jacket + bib pants
set,290 m F14,Deep Grey,3,93-100 cm, $85 , $110 ,0,winter,Girl, NANO , NONE , NONE , NONE ,Winter set 2 pieces. Jacket + bib pants
set,290 m F14,Deep Grey,3X,96-105 cm, $85 , $110 ,0,winter,Girl, NANO , NONE , NONE , NONE ,Winter set 2 pieces. Jacket + bib pants
set,290 m F14,Deep Grey,4,100-110 cm, $85 , $110 ,0,winter,Girl, NANO , NONE , NONE , NONE ,Winter set 2 pieces. Jacket + bib pants
set,290 m F14,Deep Grey,5,105-115 cm, $85 , $110 ,0,winter,Girl, NANO , NONE , NONE , NONE ,Winter set 2 pieces. Jacket + bib pants
set,290 m F14,Deep Grey,6,112-118 cm, $85 , $110 ,0,winter,Girl, NANO , NONE , NONE , NONE ,Winter set 2 pieces. Jacket + bib pants
set,290 m F14,Deep Grey,6X,116-124 cm, $85 , $110 ,1,winter,Girl, NANO , NONE , NONE , NONE ,Winter set 2 pieces. Jacket + bib pants
set,290 m F14,Deep Grey,7,118-128 cm, $85 , $110 ,0,winter,Girl, NANO , NONE , NONE , NONE ,Winter set 2 pieces. Jacket + bib pants
set,290 m F14,Deep Grey,8,124-132 cm, $85 , $110 ,1,winter,Girl, NANO , NONE , NONE , NONE ,Winter set 2 pieces. Jacket + bib pants
set,290 m F14,Deep Grey,10,128-136 cm, $85 , $110 ,0,winter,Girl, NANO , NONE , NONE , NONE ,Winter set 2 pieces. Jacket + bib pants
set,253 m F14,Neon Green,12m,74-84 cm, $75 , $100 ,0,winter,Boy, NANO , NONE , NONE , NONE ,Winter set 2 pieces. Jacket + bib pants
set,253 m F14,Neon Green,18m,80-88 cm, $75 , $100 ,0,winter,Boy, NANO , NONE , NONE , NONE ,Winter set 2 pieces. Jacket + bib pants
set,253 m F14,Neon Green,24m,85-92 cm, $75 , $100 ,0,winter,Boy, NANO , NONE , NONE , NONE ,Winter set 2 pieces. Jacket + bib pants
set,253 m F14,Neon Green,2,89-95 cm, $85 , $110 ,0,winter,Boy, NANO , NONE , NONE , NONE ,Winter set 2 pieces. Jacket + bib pants
set,253 m F14,Neon Green,3,93-100 cm, $85 , $110 ,0,winter,Boy, NANO , NONE , NONE , NONE ,Winter set 2 pieces. Jacket + bib pants
set,253 m F14,Neon Green,3X,96-105 cm, $85 , $110 ,0,winter,Boy, NANO , NONE , NONE , NONE ,Winter set 2 pieces. Jacket + bib pants
set,253 m F14,Neon Green,4,100-110 cm, $85 , $110 ,0,winter,Boy, NANO , NONE , NONE , NONE ,Winter set 2 pieces. Jacket + bib pants
set,253 m F14,Neon Green,5,105-115 cm, $85 , $110 ,0,winter,Boy, NANO , NONE , NONE , NONE ,Winter set 2 pieces. Jacket + bib pants
set,253 m F14,Neon Green,6,112-118 cm, $85 , $110 ,0,winter,Boy, NANO , NONE , NONE , NONE ,Winter set 2 pieces. Jacket + bib pants
set,253 m F14,Neon Green,6X,116-124 cm, $85 , $110 ,0,winter,Boy, NANO , NONE , NONE , NONE ,Winter set 2 pieces. Jacket + bib pants
set,253 m F14,Neon Green,7,118-128 cm, $85 , $110 ,0,winter,Boy, NANO , NONE , NONE , NONE ,Winter set 2 pieces. Jacket + bib pants
set,253 m F14,Neon Green,8,124-132 cm, $85 , $110 ,0,winter,Boy, NANO , NONE , NONE , NONE ,Winter set 2 pieces. Jacket + bib pants
set,253 m F14,Neon Green,10,128-136 cm, $85 , $110 ,0,winter,Boy, NANO , NONE , NONE , NONE ,Winter set 2 pieces. Jacket + bib pants
set,265 m F14,Ferrari Red,12m,74-84 cm, $75 , $100 ,0,winter,Boy, NANO , NONE , NONE , NONE ,Winter set 2 pieces. Jacket + bib pants
set,265 m F14,Ferrari Red,18m,80-88 cm, $75 , $100 ,0,winter,Boy, NANO , NONE , NONE , NONE ,Winter set 2 pieces. Jacket + bib pants
set,265 m F14,Ferrari Red,24m,85-92 cm, $75 , $100 ,0,winter,Boy, NANO , NONE , NONE , NONE ,Winter set 2 pieces. Jacket + bib pants
set,265 m F14,Ferrari Red,2,89-95 cm, $85 , $110 ,0,winter,Boy, NANO , NONE , NONE , NONE ,Winter set 2 pieces. Jacket + bib pants
set,265 m F14,Ferrari Red,3,93-100 cm, $85 , $110 ,0,winter,Boy, NANO , NONE , NONE , NONE ,Winter set 2 pieces. Jacket + bib pants
set,265 m F14,Ferrari Red,3X,96-105 cm, $85 , $110 ,0,winter,Boy, NANO , NONE , NONE , NONE ,Winter set 2 pieces. Jacket + bib pants
set,265 m F14,Ferrari Red,4,100-110 cm, $85 , $110 ,0,winter,Boy, NANO , NONE , NONE , NONE ,Winter set 2 pieces. Jacket + bib pants
set,265 m F14,Ferrari Red,5,105-115 cm, $85 , $110 ,0,winter,Boy, NANO , NONE , NONE , NONE ,Winter set 2 pieces. Jacket + bib pants
set,265 m F14,Ferrari Red,6,112-118 cm, $85 , $110 ,0,winter,Boy, NANO , NONE , NONE , NONE ,Winter set 2 pieces. Jacket + bib pants
set,265 m F14,Ferrari Red,6X,116-124 cm, $85 , $110 ,0,winter,Boy, NANO , NONE , NONE , NONE ,Winter set 2 pieces. Jacket + bib pants
set,265 m F14,Ferrari Red,7,118-128 cm, $85 , $110 ,0,winter,Boy, NANO , NONE , NONE , NONE ,Winter set 2 pieces. Jacket + bib pants
set,265 m F14,Ferrari Red,8,124-132 cm, $85 , $110 ,0,winter,Boy, NANO , NONE , NONE , NONE ,Winter set 2 pieces. Jacket + bib pants
set,265 m F14,Ferrari Red,10,128-136 cm, $85 , $110 ,0,winter,Boy, NANO , NONE , NONE , NONE ,Winter set 2 pieces. Jacket + bib pants
set,267 m F14,Deep Grey,12m,74-84 cm, $75 , $100 ,0,winter,Boy, NANO , NONE , NONE , NONE ,Winter set 2 pieces. Jacket + bib pants
set,267 m F14,Deep Grey,18m,80-88 cm, $75 , $100 ,0,winter,Boy, NANO , NONE , NONE , NONE ,Winter set 2 pieces. Jacket + bib pants
set,267 m F14,Deep Grey,24m,85-92 cm, $75 , $100 ,0,winter,Boy, NANO , NONE , NONE , NONE ,Winter set 2 pieces. Jacket + bib pants
set,267 m F14,Deep Grey,2,89-95 cm, $85 , $110 ,0,winter,Boy, NANO , NONE , NONE , NONE ,Winter set 2 pieces. Jacket + bib pants
set,267 m F14,Deep Grey,3,93-100 cm, $85 , $110 ,0,winter,Boy, NANO , NONE , NONE , NONE ,Winter set 2 pieces. Jacket + bib pants
set,267 m F14,Deep Grey,3X,96-105 cm, $85 , $110 ,0,winter,Boy, NANO , NONE , NONE , NONE ,Winter set 2 pieces. Jacket + bib pants
set,267 m F14,Deep Grey,4,100-110 cm, $85 , $110 ,0,winter,Boy, NANO , NONE , NONE , NONE ,Winter set 2 pieces. Jacket + bib pants
set,267 m F14,Deep Grey,5,105-115 cm, $85 , $110 ,0,winter,Boy, NANO , NONE , NONE , NONE ,Winter set 2 pieces. Jacket + bib pants
set,267 m F14,Deep Grey,6,112-118 cm, $85 , $110 ,4,winter,Boy, NANO , NONE , NONE , NONE ,Winter set 2 pieces. Jacket + bib pants
set,267 m F14,Deep Grey,6X,116-124 cm, $85 , $110 ,6,winter,Boy, NANO , NONE , NONE , NONE ,Winter set 2 pieces. Jacket + bib pants
set,267 m F14,Deep Grey,7,118-128 cm, $85 , $110 ,0,winter,Boy, NANO , NONE , NONE , NONE ,Winter set 2 pieces. Jacket + bib pants
set,267 m F14,Deep Grey,8,124-132 cm, $85 , $110 ,0,winter,Boy, NANO , NONE , NONE , NONE ,Winter set 2 pieces. Jacket + bib pants
set,267 m F14,Deep Grey,10,128-136 cm, $85 , $110 ,0,winter,Boy, NANO , NONE , NONE , NONE ,Winter set 2 pieces. Jacket + bib pants
set,255 m F14,Bleu,2,89-95 cm, $85 , $110 ,3,winter,Boy, NANO , NONE , NONE , NONE ,Winter set 2 pieces. Jacket + bib pants
set,255 m F14,Bleu,3,93-100 cm, $85 , $110 ,2,winter,Boy, NANO , NONE , NONE , NONE ,Winter set 2 pieces. Jacket + bib pants
set,255 m F14,Bleu,3X,96-105 cm, $85 , $110 ,6,winter,Boy, NANO , NONE , NONE , NONE ,Winter set 2 pieces. Jacket + bib pants
set,255 m F14,Bleu,4,100-110 cm, $85 , $110 ,9,winter,Boy, NANO , NONE , NONE , NONE ,Winter set 2 pieces. Jacket + bib pants
set,255 m F14,Bleu,5,105-115 cm, $85 , $110 ,0,winter,Boy, NANO , NONE , NONE , NONE ,Winter set 2 pieces. Jacket + bib pants
set,255 m F14,Bleu,6,112-118 cm, $85 , $110 ,8,winter,Boy, NANO , NONE , NONE , NONE ,Winter set 2 pieces. Jacket + bib pants
set,255 m F14,Bleu,6X,116-124 cm, $85 , $110 ,7,winter,Boy, NANO , NONE , NONE , NONE ,Winter set 2 pieces. Jacket + bib pants
set,255 m F14,Bleu,7,118-128 cm, $85 , $110 ,0,winter,Boy, NANO , NONE , NONE , NONE ,Winter set 2 pieces. Jacket + bib pants
set,255 m F14,Bleu,8,124-132 cm, $85 , $110 ,0,winter,Boy, NANO , NONE , NONE , NONE ,Winter set 2 pieces. Jacket + bib pants
set,255 m F14,Bleu,10,128-136 cm, $85 , $110 ,0,winter,Boy, NANO , NONE , NONE , NONE ,Winter set 2 pieces. Jacket + bib pants
set,261 m F14,Navy,2,89-95 cm, $85 , $110 ,0,winter,Boy, NANO , NONE , NONE , NONE ,Winter set 2 pieces. Jacket + bib pants
set,261 m F14,Navy,3,93-100 cm, $85 , $110 ,0,winter,Boy, NANO , NONE , NONE , NONE ,Winter set 2 pieces. Jacket + bib pants
set,261 m F14,Navy,3X,96-105 cm, $85 , $110 ,0,winter,Boy, NANO , NONE , NONE , NONE ,Winter set 2 pieces. Jacket + bib pants
set,261 m F14,Navy,4,100-110 cm, $85 , $110 ,1,winter,Boy, NANO , NONE , NONE , NONE ,Winter set 2 pieces. Jacket + bib pants
set,261 m F14,Navy,5,105-115 cm, $85 , $110 ,0,winter,Boy, NANO , NONE , NONE , NONE ,Winter set 2 pieces. Jacket + bib pants
set,261 m F14,Navy,6,112-118 cm, $85 , $110 ,0,winter,Boy, NANO , NONE , NONE , NONE ,Winter set 2 pieces. Jacket + bib pants
set,261 m F14,Navy,6X,116-124 cm, $85 , $110 ,0,winter,Boy, NANO , NONE , NONE , NONE ,Winter set 2 pieces. Jacket + bib pants
set,261 m F14,Navy,7,118-128 cm, $85 , $110 ,0,winter,Boy, NANO , NONE , NONE , NONE ,Winter set 2 pieces. Jacket + bib pants
set,261 m F14,Navy,8,124-132 cm, $85 , $110 ,0,winter,Boy, NANO , NONE , NONE , NONE ,Winter set 2 pieces. Jacket + bib pants
set,261 m F14,Navy,10,128-136 cm, $85 , $110 ,0,winter,Boy, NANO , NONE , NONE , NONE ,Winter set 2 pieces. Jacket + bib pants
set,269 m F14,Deep Grey,2,89-95 cm, $85 , $110 ,0,winter,Boy, NANO , NONE , NONE , NONE ,Winter set 2 pieces. Jacket + bib pants
set,269 m F14,Deep Grey,3,93-100 cm, $85 , $110 ,0,winter,Boy, NANO , NONE , NONE , NONE ,Winter set 2 pieces. Jacket + bib pants
set,269 m F14,Deep Grey,3X,96-105 cm, $85 , $110 ,0,winter,Boy, NANO , NONE , NONE , NONE ,Winter set 2 pieces. Jacket + bib pants
set,269 m F14,Deep Grey,4,100-110 cm, $85 , $110 ,0,winter,Boy, NANO , NONE , NONE , NONE ,Winter set 2 pieces. Jacket + bib pants
set,269 m F14,Deep Grey,5,105-115 cm, $85 , $110 ,0,winter,Boy, NANO , NONE , NONE , NONE ,Winter set 2 pieces. Jacket + bib pants
set,269 m F14,Deep Grey,6,112-118 cm, $85 , $110 ,0,winter,Boy, NANO , NONE , NONE , NONE ,Winter set 2 pieces. Jacket + bib pants
set,269 m F14,Deep Grey,6X,116-124 cm, $85 , $110 ,0,winter,Boy, NANO , NONE , NONE , NONE ,Winter set 2 pieces. Jacket + bib pants
set,269 m F14,Deep Grey,7,118-128 cm, $85 , $110 ,0,winter,Boy, NANO , NONE , NONE , NONE ,Winter set 2 pieces. Jacket + bib pants
set,269 m F14,Deep Grey,8,124-132 cm, $85 , $110 ,0,winter,Boy, NANO , NONE , NONE , NONE ,Winter set 2 pieces. Jacket + bib pants
set,269 m F14,Deep Grey,10,128-136 cm, $85 , $110 ,0,winter,Boy, NANO , NONE , NONE , NONE ,Winter set 2 pieces. Jacket + bib pants
??? ???c??,252 TC F14,Very Berry,9/12 m,, $9.5 , $13 ,0,winter,Girl, NANO , NONE , wool , NONE ,Winter wool hat + fleece buff
??? ???c??,252 TC F14,Very Berry,12/24 m,, $9.5 , $13 ,0,winter,Girl, NANO , NONE , wool , NONE ,Winter wool hat + fleece buff
??? + m?? ???c??,252 TC F14,Very Berry,2/3X,, $13.0 , $18 ,0,winter,Girl, NANO , NONE , wool , NONE ,Winter wool hat + fleece buff
??? + m?? ???c??,252 TC F14,Very Berry,4/6X,, $13.0 , $18 ,0,winter,Girl, NANO , NONE , wool , NONE ,Winter wool hat + fleece buff
??? + m?? ???c??,252 TC F14,Very Berry,7/10,, $13.0 , $18 ,5,winter,Girl, NANO , NONE , wool , NONE ,Winter wool hat + fleece buff
??? ???c??,256 TC F14,Gerbera,9/12 m,, $9.5 , $13 ,5,winter,Girl, NANO , NONE , wool , NONE ,Winter wool hat + fleece buff
??? ???c??,256 TC F14,Gerbera,12/24 m,, $9.5 , $13 ,0,winter,Girl, NANO , NONE , wool , NONE ,Winter wool hat + fleece buff
??? + m?? ???c??,256 TC F14,Gerbera,2/3X,, $13.0 , $18 ,0,winter,Girl, NANO , NONE , wool , NONE ,Winter wool hat + fleece buff
??? + m?? ???c??,256 TC F14,Gerbera,4/6X,, $13.0 , $18 ,0,winter,Girl, NANO , NONE , wool , NONE ,Winter wool hat + fleece buff
??? + m?? ???c??,256 TC F14,Gerbera,7/10,, $13.0 , $18 ,0,winter,Girl, NANO , NONE , wool , NONE ,Winter wool hat + fleece buff
??? ???c??,266 TC F14,Gerbera,9/12 m,, $9.5 , $13 ,0,winter,Girl, NANO , NONE , wool , NONE ,Winter wool hat + fleece buff
??? ???c??,266 TC F14,Gerbera,12/24 m,, $9.5 , $13 ,0,winter,Girl, NANO , NONE , wool , NONE ,Winter wool hat + fleece buff
??? + m?? ???c??,266 TC F14,Gerbera,2/3X,, $13.0 , $18 ,0,winter,Girl, NANO , NONE , wool , NONE ,Winter wool hat + fleece buff
??? + m?? ???c??,266 TC F14,Gerbera,4/6X,, $13.0 , $18 ,0,winter,Girl, NANO , NONE , wool , NONE ,Winter wool hat + fleece buff
??? + m?? ???c??,266 TC F14,Gerbera,7/10,, $13.0 , $18 ,2,winter,Girl, NANO , NONE , wool , NONE ,Winter wool hat + fleece buff
??? ???c??,276 TC F14,Phlox Pink,9/12 m,, $9.5 , $13 ,0,winter,Girl, NANO , NONE , wool , NONE ,Winter wool hat + fleece buff
??? ???c??,276 TC F14,Phlox Pink,12/24 m,, $9.5 , $13 ,0,winter,Girl, NANO , NONE , wool , NONE ,Winter wool hat + fleece buff
??? + m?? ???c??,276 TC F14,Phlox Pink,2/3X,, $13.0 , $18 ,0,winter,Girl, NANO , NONE , wool , NONE ,Winter wool hat + fleece buff
??? + m?? ???c??,276 TC F14,Phlox Pink,4/6X,, $13.0 , $18 ,0,winter,Girl, NANO , NONE , wool , NONE ,Winter wool hat + fleece buff
??? + m?? ???c??,276 TC F14,Phlox Pink,7/10,, $13.0 , $18 ,2,winter,Girl, NANO , NONE , wool , NONE ,Winter wool hat + fleece buff
??? ???c??,290 TC F14,Gerbera,9/12 m,, $9.5 , $13 ,0,winter,Girl, NANO , NONE , wool , NONE ,Winter wool hat + fleece buff
??? ???c??,290 TC F14,Gerbera,12/24 m,, $9.5 , $13 ,0,winter,Girl, NANO , NONE , wool , NONE ,Winter wool hat + fleece buff
??? + m?? ???c??,290 TC F14,Gerbera,2/3X,, $13.0 , $18 ,0,winter,Girl, NANO , NONE , wool , NONE ,Winter wool hat + fleece buff
??? + m?? ???c??,290 TC F14,Gerbera,4/6X,, $13.0 , $18 ,0,winter,Girl, NANO , NONE , wool , NONE ,Winter wool hat + fleece buff
??? + m?? ???c??,290 TC F14,Gerbera,7/10,, $13.0 , $18 ,0,winter,Girl, NANO , NONE , wool , NONE ,Winter wool hat + fleece buff
??? ???c??,253 TC F14,Deep Grey,9/12 m,, $9.5 , $13 ,0,winter,Boy, NANO , NONE , wool , NONE ,Winter wool hat + fleece buff
??? ???c??,253 TC F14,Deep Grey,12/24 m,, $9.5 , $13 ,0,winter,Boy, NANO , NONE , wool , NONE ,Winter wool hat + fleece buff
??? + m?? ???c??,253 TC F14,Deep Grey,2/3X,, $13.0 , $18 ,0,winter,Boy, NANO , NONE , wool , NONE ,Winter wool hat + fleece buff
??? + m?? ???c??,253 TC F14,Deep Grey,4/6X,, $13.0 , $18 ,0,winter,Boy, NANO , NONE , wool , NONE ,Winter wool hat + fleece buff
??? + m?? ???c??,253 TC F14,Deep Grey,7/10,, $13.0 , $18 ,0,winter,Boy, NANO , NONE , wool , NONE ,Winter wool hat + fleece buff
??? ???c??,255 TC F14,Blue,9/12 m,, $9.5 , $13 ,0,winter,Boy, NANO , NONE , wool , NONE ,Winter wool hat + fleece buff
??? ???c??,255 TC F14,Blue,12/24 m,, $9.5 , $13 ,0,winter,Boy, NANO , NONE , wool , NONE ,Winter wool hat + fleece buff
??? + m?? ???c??,255 TC F14,Blue,2/3X,, $13.0 , $18 ,0,winter,Boy, NANO , NONE , wool , NONE ,Winter wool hat + fleece buff
??? + m?? ???c??,255 TC F14,Blue,4/6X,, $13.0 , $18 ,0,winter,Boy, NANO , NONE , wool , NONE ,Winter wool hat + fleece buff
??? + m?? ???c??,255 TC F14,Blue,7/10,, $13.0 , $18 ,0,winter,Boy, NANO , NONE , wool , NONE ,Winter wool hat + fleece buff
??? ???c??,261 TC F14,Navy,9/12 m,, $9.5 , $13 ,0,winter,Boy, NANO , NONE , wool , NONE ,Winter wool hat + fleece buff
??? ???c??,261 TC F14,Navy,12/24 m,, $9.5 , $13 ,0,winter,Boy, NANO , NONE , wool , NONE ,Winter wool hat + fleece buff
??? + m?? ???c??,261 TC F14,Navy,2/3X,, $13.0 , $18 ,0,winter,Boy, NANO , NONE , wool , NONE ,Winter wool hat + fleece buff
??? + m?? ???c??,261 TC F14,Navy,4/6X,, $13.0 , $18 ,0,winter,Boy, NANO , NONE , wool , NONE ,Winter wool hat + fleece buff
??? + m?? ???c??,261 TC F14,Navy,7/10,, $13.0 , $18 ,0,winter,Boy, NANO , NONE , wool , NONE ,Winter wool hat + fleece buff
??? ???c??,265 TC F14,Real Teal,9/12 m,, $9.5 , $13 ,0,winter,Boy, NANO , NONE , wool , NONE ,Winter wool hat + fleece buff
??? + m?? ???c??,265 TC F14,Real Teal,12/24 m,, $9.5 , $13 ,0,winter,Boy, NANO , NONE , wool , NONE ,Winter wool hat + fleece buff
??? + m?? ???c??,265 TC F14,Real Teal,2/3X,, $13.0 , $18 ,0,winter,Boy, NANO , NONE , wool , NONE ,Winter wool hat + fleece buff
??? + m?? ???c??,265 TC F14,Real Teal,4/6X,, $13.0 , $18 ,0,winter,Boy, NANO , NONE , wool , NONE ,Winter wool hat + fleece buff
??? + m?? ???c??,265 TC F14,Real Teal,7/10,, $13.0 , $18 ,0,winter,Boy, NANO , NONE , wool , NONE ,Winter wool hat + fleece buff
??? ???c??,267 TC F14,Orange,9/12 m,, $9.5 , $13 ,0,winter,Boy, NANO , NONE , wool , NONE ,Winter wool hat + fleece buff
??? ???c??,267 TC F14,Orange,12/24 m,, $9.5 , $13 ,0,winter,Boy, NANO , NONE , wool , NONE ,Winter wool hat + fleece buff
??? + m?? ???c??,267 TC F14,Orange,2/3X,, $13.0 , $18 ,0,winter,Boy, NANO , NONE , wool , NONE ,Winter wool hat + fleece buff
??? + m?? ???c??,267 TC F14,Orange,4/6X,, $13.0 , $18 ,0,winter,Boy, NANO , NONE , wool , NONE ,Winter wool hat + fleece buff
??? + m?? ???c??,267 TC F14,Orange,7/10,, $13.0 , $18 ,0,winter,Boy, NANO , NONE , wool , NONE ,Winter wool hat + fleece buff
??? ???c??,269 TC F14,Black,9/12 m,, $9.5 , $13 ,0,winter,Boy, NANO , NONE , wool , NONE ,Winter wool hat + fleece buff
??? ???c??,269 TC F14,Black,12/24 m,, $9.5 , $13 ,0,winter,Boy, NANO , NONE , wool , NONE ,Winter wool hat + fleece buff
??? + m?? ???c??,269 TC F14,Black,2/3X,, $13.0 , $18 ,0,winter,Boy, NANO , NONE , wool , NONE ,Winter wool hat + fleece buff
??? + m?? ???c??,269 TC F14,Black,4/6X,, $13.0 , $18 ,0,winter,Boy, NANO , NONE , wool , NONE ,Winter wool hat + fleece buff
??? + m?? ???c??,269 TC F14,Black,7/10,, $13.0 , $18 ,0,winter,Boy, NANO , NONE , wool , NONE ,Winter wool hat + fleece buff
?????,201 mIT F14,Black,2/3X,, $10.0 , $14.0 ,0,winter,Unisex, NANO , NONE , NONE , NONE ,Waterproof mittens
?????,201 mIT F14,Black,4/6X,, $10.0 , $14.0 ,0,winter,Unisex, NANO , NONE , NONE , NONE ,Waterproof mittens
?????,201 mIT F14,Black,7/10,, $10.0 , $14.0 ,0,winter,Unisex, NANO , NONE , NONE , NONE ,Waterproof mittens
?????,201 mIT F14,Deep Grey,2/3X,, $10.0 , $14.0 ,0,winter,Unisex, NANO , NONE , NONE , NONE ,Waterproof mittens
?????,201 mIT F14,Deep Grey,4/6X,, $10.0 , $14.0 ,0,winter,Unisex, NANO , NONE , NONE , NONE ,Waterproof mittens
?????,201 mIT F14,Deep Grey,7/10,, $10.0 , $14.0 ,0,winter,Unisex, NANO , NONE , NONE , NONE ,Waterproof mittens
?????,201 mIT F14,Navy,2/3X,, $10.0 , $14.0 ,0,winter,Unisex, NANO , NONE , NONE , NONE ,Waterproof mittens
?????,201 mIT F14,Navy,4/6X,, $10.0 , $14.0 ,0,winter,Unisex, NANO , NONE , NONE , NONE ,Waterproof mittens
?????,201 mIT F14,Navy,7/10,, $10.0 , $14.0 ,0,winter,Unisex, NANO , NONE , NONE , NONE ,Waterproof mittens
?????,201 mIT F14,Gerbera,2/3X,, $10.0 , $14.0 ,0,winter,Girl, NANO , NONE , NONE , NONE ,Waterproof mittens
?????,201 mIT F14,Gerbera,4/6X,, $10.0 , $14.0 ,0,winter,Girl, NANO , NONE , NONE , NONE ,Waterproof mittens
?????,201 mIT F14,Gerbera,7/10,, $10.0 , $14.0 ,0,winter,Girl, NANO , NONE , NONE , NONE ,Waterproof mittens
?????,201 mIT F14,Grape Compote,2/3X,, $10.0 , $14.0 ,0,winter,Girl, NANO , NONE , NONE , NONE ,Waterproof mittens
?????,201 mIT F14,Grape Compote,4/6X,, $10.0 , $14.0 ,1,winter,Girl, NANO , NONE , NONE , NONE ,Waterproof mittens
?????,201 mIT F14,Grape Compote,7/10,, $10.0 , $14.0 ,1,winter,Girl, NANO , NONE , NONE , NONE ,Waterproof mittens
?????,201 mIT F14,Purple,2/3X,, $10.0 , $14.0 ,0,winter,Girl, NANO , NONE , NONE , NONE ,Waterproof mittens
?????,201 mIT F14,Purple,4/6X,, $10.0 , $14.0 ,0,winter,Girl, NANO , NONE , NONE , NONE ,Waterproof mittens
?????,201 mIT F14,Purple,7/10,, $10.0 , $14.0 ,0,winter,Girl, NANO , NONE , NONE , NONE ,Waterproof mittens
???????? ???c,500 mIT F14,Very Berry,12/24 m,, $5.0 , $7.0 ,0,winter,Girl, NANO , NONE , fleece , NONE ,Fleece mittens
???????? ???c,500 mIT F14,Very Berry,2/4,, $6.0 , $8.0 ,0,winter,Girl, NANO , NONE , fleece , NONE ,Fleece mittens
???????? ???c,500 mIT F14,Very Berry,5/6X,, $6.0 , $8.0 ,0,winter,Girl, NANO , NONE , fleece , NONE ,Fleece mittens
???????? ???c,500 mIT F14,Very Berry,7/10,, $6.0 , $8.0 ,0,winter,Girl, NANO , NONE , fleece , NONE ,Fleece mittens
???????? ???c,500 mIT F14,Virtual Pink,12/24 m,, $5.0 , $7.0 ,0,winter,Girl, NANO , NONE , fleece , NONE ,Fleece mittens
???????? ???c,500 mIT F14,Virtual Pink,2/4,, $6.0 , $8.0 ,0,winter,Girl, NANO , NONE , fleece , NONE ,Fleece mittens
???????? ???c,500 mIT F14,Virtual Pink,5/6X,, $6.0 , $8.0 ,0,winter,Girl, NANO , NONE , fleece , NONE ,Fleece mittens
???????? ???c,500 mIT F14,Virtual Pink,7/10,, $6.0 , $8.0 ,0,winter,Girl, NANO , NONE , fleece , NONE ,Fleece mittens
???????? ???c,500 mIT F14,Navy,12/24 m,, $5.0 , $7.0 ,0,winter,Unisex, NANO , NONE , fleece , NONE ,Fleece mittens
???????? ???c,500 mIT F14,Navy,2/4,, $6.0 , $8.0 ,0,winter,Unisex, NANO , NONE , fleece , NONE ,Fleece mittens
???????? ???c,500 mIT F14,Navy,5/6X,, $6.0 , $8.0 ,0,winter,Unisex, NANO , NONE , fleece , NONE ,Fleece mittens
???????? ???c,500 mIT F14,Navy,7/10,, $6.0 , $8.0 ,0,winter,Unisex, NANO , NONE , fleece , NONE ,Fleece mittens
???????? ???c,500 mIT F14,Blue,12/24 m,, $5.0 , $7.0 ,0,winter,Unisex, NANO , NONE , fleece , NONE ,Fleece mittens
???????? ???c,500 mIT F14,Blue,2/4,, $6.0 , $8.0 ,0,winter,Unisex, NANO , NONE , fleece , NONE ,Fleece mittens
???????? ???c,500 mIT F14,Blue,5/6X,, $6.0 , $8.0 ,0,winter,Unisex, NANO , NONE , fleece , NONE ,Fleece mittens
???????? ???c,500 mIT F14,Blue,7/10,, $6.0 , $8.0 ,2,winter,Unisex, NANO , NONE , fleece , NONE ,Fleece mittens
???????? ???c,500 mIT F14,Grey,12/24 m,, $5.0 , $7.0 ,0,winter,Unisex, NANO , NONE , fleece , NONE ,Fleece mittens
???????? ???c,500 mIT F14,Grey,2/4,, $6.0 , $8.0 ,0,winter,Unisex, NANO , NONE , fleece , NONE ,Fleece mittens
???????? ???c,500 mIT F14,Grey,5/6X,, $6.0 , $8.0 ,0,winter,Unisex, NANO , NONE , fleece , NONE ,Fleece mittens
???????? ???c,500 mIT F14,Grey,7/10,, $6.0 , $8.0 ,4,winter,Unisex, NANO , NONE , fleece , NONE ,Fleece mittens
???????? ???c,500 mIT F14,Orange,12/24 m,, $5.0 , $7.0 ,0,winter,Unisex, NANO , NONE , fleece , NONE ,Fleece mittens
???????? ???c,500 mIT F14,Orange,2/3X,, $6.0 , $8.0 ,0,winter,Unisex, NANO , NONE , fleece , NONE ,Fleece mittens
???????? ???c,500 mIT F14,Orange,4/6X,, $6.0 , $8.0 ,0,winter,Unisex, NANO , NONE , fleece , NONE ,Fleece mittens
???????? ???c,500 mIT F14,Orange,7/10,, $6.0 , $8.0 ,4,winter,Unisex, NANO , NONE , fleece , NONE ,Fleece mittens
m??????,501 CAC F14,Very Berry,o/s,, $4.5 , $6.5 ,22,winter,Girl, NANO , NONE , fleece , NONE ,Two-layer fleece buff
m??????,501 CAC F14,Virtual Pink,o/s,, $4.5 , $6.5 ,15,winter,Girl, NANO , NONE , fleece , NONE ,Two-layer fleece buff
m??????,501 CAC F14,Navy,o/s,, $4.5 , $6.5 ,0,winter,Unisex, NANO , NONE , fleece , NONE ,Two-layer fleece buff
m??????,501 CAC F14,Blue,o/s,, $4.5 , $6.5 ,16,winter,Unisex, NANO , NONE , fleece , NONE ,Two-layer fleece buff
m??????,501 CAC F14,Grey,o/s,, $4.5 , $6.5 ,0,winter,Unisex, NANO , NONE , fleece , NONE ,Two-layer fleece buff
m??????,501 CAC F14,Orange,o/s,, $4.5 , $6.5 ,37,winter,Unisex, NANO , NONE , fleece , NONE ,Two-layer fleece buff
termo,600 UW F14,Virtual Pink,2,89-95 cm, $17.0 , $23.0 ,0,all,Girl, NANO , NONE , fleece , NONE ,Fleece thermo underwear
termo,600 UW F14,Virtual Pink,3,93-100 cm, $17.0 , $23.0 ,0,all,Girl, NANO , NONE , fleece , NONE ,Fleece thermo underwear
termo,600 UW F14,Virtual Pink,3X,96-105 cm, $17.0 , $23.0 ,0,all,Girl, NANO , NONE , fleece , NONE ,Fleece thermo underwear
termo,600 UW F14,Virtual Pink,4,100-110 cm, $17.0 , $23.0 ,0,all,Girl, NANO , NONE , fleece , NONE ,Fleece thermo underwear
termo,600 UW F14,Virtual Pink,5,105-115 cm, $17.0 , $23.0 ,0,all,Girl, NANO , NONE , fleece , NONE ,Fleece thermo underwear
termo,600 UW F14,Virtual Pink,6,112-118 cm, $17.0 , $23.0 ,0,all,Girl, NANO , NONE , fleece , NONE ,Fleece thermo underwear
termo,600 UW F14,Virtual Pink,6X,116-124 cm, $17.0 , $23.0 ,0,all,Girl, NANO , NONE , fleece , NONE ,Fleece thermo underwear
termo,600 UW F14,Virtual Pink,7,118-128 cm, $17.0 , $23.0 ,0,all,Girl, NANO , NONE , fleece , NONE ,Fleece thermo underwear
termo,600 UW F14,Virtual Pink,8,124-132 cm, $17.0 , $23.0 ,0,all,Girl, NANO , NONE , fleece , NONE ,Fleece thermo underwear
termo,600 UW F14,Virtual Pink,10,128-136 cm, $17.0 , $23.0 ,1,all,Girl, NANO , NONE , fleece , NONE ,Fleece thermo underwear
