set,254 m S17,Scarlet / Navy,18m,80-88 cm, $50.0 , $63.0 ,5,Demi-season,Girl,NANO,5-15,65 % POLYESTER 35% COTTON,35% COTTON,Demi-season 3 piece set. Jacket + Pants( lining JERSEY 65% polyester 35% cotton)+Hat. Waterproof 3000 mm. 
set,254 m S17,Scarlet / Navy,24m,86-92 cm, $50.0 , $63.0 ,3,Demi-season,Girl,NANO,5-15,65 % POLYESTER,35% COTTON,Demi-season 3 piece set. Jacket + Pants( lining JERSEY 65% polyester 35% cotton)+Hat. Waterproof 3000 mm. 
set,254 m S17,Scarlet / Navy,2,89-95 cm, $59.0 , $74.0 ,5,Demi-season,Girl,NANO,5-15,65 % POLYESTER,35% COTTON,Demi-season 3 piece set. Jacket + Pants( lining JERSEY 65% polyester 35% cotton)+Hat. Waterproof 3000 mm. 
set,254 m S17,Scarlet / Navy,3,93-100 cm, $59.0 , $74.0 ,5,Demi-season,Girl,NANO,5-15,65 % POLYESTER,35% COTTON,Demi-season 3 piece set. Jacket + Pants( lining JERSEY 65% polyester 35% cotton)+Hat. Waterproof 3000 mm. 
set,254 m S17,Scarlet / Navy,3?,96-104 cm, $59.0 , $74.0 ,5,Demi-season,Girl,NANO,5-15,65 % POLYESTER,35% COTTON,Demi-season 3 piece set. Jacket + Pants( lining JERSEY 65% polyester 35% cotton)+Hat. Waterproof 3000 mm. 
set,254 m S17,Scarlet / Navy,4,100-110 cm, $59.0 , $74.0 ,7,Demi-season,Girl,NANO,5-15,65 % POLYESTER,35% COTTON,Demi-season 3 piece set. Jacket + Pants( lining JERSEY 65% polyester 35% cotton)+Hat. Waterproof 3000 mm. 
set,254 m S17,Scarlet / Navy,5,106-116 cm, $59.0 , $74.0 ,5,Demi-season,Girl,NANO,5-15,65 % POLYESTER,35% COTTON,Demi-season 3 piece set. Jacket + Pants( lining JERSEY 65% polyester 35% cotton)+Hat. Waterproof 3000 mm. 
set,254 m S17,Scarlet / Navy,6,112-122 cm, $59.0 , $74.0 ,7,Demi-season,Girl,NANO,5-15,65 % POLYESTER,35% COTTON,Demi-season 3 piece set. Jacket + Pants( lining JERSEY 65% polyester 35% cotton)+Hat. Waterproof 3000 mm. 
set,254 m S17,Scarlet / Navy,6?,116-126 cm, $59.0 , $74.0 ,5,Demi-season,Girl,NANO,5-15,65 % POLYESTER,35% COTTON,Demi-season 3 piece set. Jacket + Pants( lining JERSEY 65% polyester 35% cotton)+Hat. Waterproof 3000 mm. 
set,254 m S17,Scarlet / Navy,7,120-130 cm, $59.0 , $74.0 ,5,Demi-season,Girl,NANO,5-15,65 % POLYESTER,35% COTTON,Demi-season 3 piece set. Jacket + Pants( lining JERSEY 65% polyester 35% cotton)+Hat. Waterproof 3000 mm. 
set,254 m S17,Scarlet / Navy,8,126-136 cm, $59.0 , $74.0 ,2,Demi-season,Girl,NANO,5-15,65 % POLYESTER,35% COTTON,Demi-season 3 piece set. Jacket + Pants( lining JERSEY 65% polyester 35% cotton)+Hat. Waterproof 3000 mm. 
set,254 m S17,Scarlet / Navy,10,132-142 cm, $59.0 , $74.0 ,3,Demi-season,Girl,NANO,5-15,65 % POLYESTER,35% COTTON,Demi-season 3 piece set. Jacket + Pants( lining JERSEY 65% polyester 35% cotton)+Hat. Waterproof 3000 mm. 
set,256 m S17,Flower / Dk Navy,12m,74-80 cm, $50.0 , $63.0 ,6,Demi-season,Girl,NANO,5-15,65 % POLYESTER,35% COTTON,Demi-season 3 piece set. Jacket + Pants( lining JERSEY 65% polyester 35% cotton)+Hat. Waterproof 3000 mm. 
set,256 m S17,Flower / Dk Navy,18m,80-88 cm, $50.0 , $63.0 ,5,Demi-season,Girl,NANO,5-15,65 % POLYESTER,35% COTTON,Demi-season 3 piece set. Jacket + Pants( lining JERSEY 65% polyester 35% cotton)+Hat. Waterproof 3000 mm. 
set,256 m S17,Flower / Dk Navy,24m,86-92 cm, $50.0 , $63.0 ,7,Demi-season,Girl,NANO,5-15,65 % POLYESTER,35% COTTON,Demi-season 3 piece set. Jacket + Pants( lining JERSEY 65% polyester 35% cotton)+Hat. Waterproof 3000 mm. 
set,256 m S17,Flower / Dk Navy,2,89-95 cm, $59.0 , $74.0 ,12,Demi-season,Girl,NANO,5-15,65 % POLYESTER,35% COTTON,Demi-season 3 piece set. Jacket + Pants( lining JERSEY 65% polyester 35% cotton)+Hat. Waterproof 3000 mm. 
set,256 m S17,Flower / Dk Navy,3,93-100 cm, $59.0 , $74.0 ,12,Demi-season,Girl,NANO,5-15,65 % POLYESTER,35% COTTON,Demi-season 3 piece set. Jacket + Pants( lining JERSEY 65% polyester 35% cotton)+Hat. Waterproof 3000 mm. 
set,256 m S17,Flower / Dk Navy,3?,96-104 cm, $59.0 , $74.0 ,12,Demi-season,Girl,NANO,5-15,65 % POLYESTER,35% COTTON,Demi-season 3 piece set. Jacket + Pants( lining JERSEY 65% polyester 35% cotton)+Hat. Waterproof 3000 mm. 
set,256 m S17,Flower / Dk Navy,4,100-110 cm, $59.0 , $74.0 ,4,Demi-season,Girl,NANO,5-15,65 % POLYESTER,35% COTTON,Demi-season 3 piece set. Jacket + Pants( lining JERSEY 65% polyester 35% cotton)+Hat. Waterproof 3000 mm. 
set,256 m S17,Flower / Dk Navy,5,106-116 cm, $59.0 , $74.0 ,6,Demi-season,Girl,NANO,5-15,65 % POLYESTER,35% COTTON,Demi-season 3 piece set. Jacket + Pants( lining JERSEY 65% polyester 35% cotton)+Hat. Waterproof 3000 mm. 
set,256 m S17,Flower / Dk Navy,6,112-122 cm, $59.0 , $74.0 ,7,Demi-season,Girl,NANO,5-15,65 % POLYESTER,35% COTTON,Demi-season 3 piece set. Jacket + Pants( lining JERSEY 65% polyester 35% cotton)+Hat. Waterproof 3000 mm. 
set,256 m S17,Flower / Dk Navy,6?,116-126 cm, $59.0 , $74.0 ,1,Demi-season,Girl,NANO,5-15,65 % POLYESTER,35% COTTON,Demi-season 3 piece set. Jacket + Pants( lining JERSEY 65% polyester 35% cotton)+Hat. Waterproof 3000 mm. 
set,256 m S17,Flower / Dk Navy,7,120-130 cm, $59.0 , $74.0 ,6,Demi-season,Girl,NANO,5-15,65 % POLYESTER,35% COTTON,Demi-season 3 piece set. Jacket + Pants( lining JERSEY 65% polyester 35% cotton)+Hat. Waterproof 3000 mm. 
set,256 m S17,Flower / Dk Navy,8,126-136 cm, $59.0 , $74.0 ,0,Demi-season,Girl,NANO,5-15,65 % POLYESTER,35% COTTON,Demi-season 3 piece set. Jacket + Pants( lining JERSEY 65% polyester 35% cotton)+Hat. Waterproof 3000 mm. 
set,256 m S17,Flower / Dk Navy,10,132-142 cm, $59.0 , $74.0 ,0,Demi-season,Girl,NANO,5-15,65 % POLYESTER,35% COTTON,Demi-season 3 piece set. Jacket + Pants( lining JERSEY 65% polyester 35% cotton)+Hat. Waterproof 3000 mm. 
set,262 m S17,Black / Scarlet,12m,74-80 cm, $50.0 , $63.0 ,2,Demi-season,Girl,NANO,5-15,65 % POLYESTER,35% COTTON,Demi-season 3 piece set. Jacket + Pants( lining JERSEY 65% polyester 35% cotton)+Hat. Waterproof 3000 mm. 
set,262 m S17,Black / Scarlet,18m,80-88 cm, $50.0 , $63.0 ,3,Demi-season,Girl,NANO,5-15,65 % POLYESTER,35% COTTON,Demi-season 3 piece set. Jacket + Pants( lining JERSEY 65% polyester 35% cotton)+Hat. Waterproof 3000 mm. 
set,262 m S17,Black / Scarlet,24m,86-92 cm, $50.0 , $63.0 ,3,Demi-season,Girl,NANO,5-15,65 % POLYESTER,35% COTTON,Demi-season 3 piece set. Jacket + Pants( lining JERSEY 65% polyester 35% cotton)+Hat. Waterproof 3000 mm. 
set,262 m S17,Black / Scarlet,2,89-95 cm, $59.0 , $74.0 ,3,Demi-season,Girl,NANO,5-15,65 % POLYESTER,35% COTTON,Demi-season 3 piece set. Jacket + Pants( lining JERSEY 65% polyester 35% cotton)+Hat. Waterproof 3000 mm. 
set,262 m S17,Black / Scarlet,3,93-100 cm, $59.0 , $74.0 ,3,Demi-season,Girl,NANO,5-15,65 % POLYESTER,35% COTTON,Demi-season 3 piece set. Jacket + Pants( lining JERSEY 65% polyester 35% cotton)+Hat. Waterproof 3000 mm. 
set,262 m S17,Black / Scarlet,3?,96-104 cm, $59.0 , $74.0 ,3,Demi-season,Girl,NANO,5-15,65 % POLYESTER,35% COTTON,Demi-season 3 piece set. Jacket + Pants( lining JERSEY 65% polyester 35% cotton)+Hat. Waterproof 3000 mm. 
set,262 m S17,Black / Scarlet,4,100-110 cm, $59.0 , $74.0 ,4,Demi-season,Girl,NANO,5-15,65 % POLYESTER,35% COTTON,Demi-season 3 piece set. Jacket + Pants( lining JERSEY 65% polyester 35% cotton)+Hat. Waterproof 3000 mm. 
set,262 m S17,Black / Scarlet,5,106-116 cm, $59.0 , $74.0 ,4,Demi-season,Girl,NANO,5-15,65 % POLYESTER,35% COTTON,Demi-season 3 piece set. Jacket + Pants( lining JERSEY 65% polyester 35% cotton)+Hat. Waterproof 3000 mm. 
set,262 m S17,Black / Scarlet,6,112-122 cm, $59.0 , $74.0 ,4,Demi-season,Girl,NANO,5-15,65 % POLYESTER,35% COTTON,Demi-season 3 piece set. Jacket + Pants( lining JERSEY 65% polyester 35% cotton)+Hat. Waterproof 3000 mm. 
set,262 m S17,Black / Scarlet,6?,116-126 cm, $59.0 , $74.0 ,4,Demi-season,Girl,NANO,5-15,65 % POLYESTER,35% COTTON,Demi-season 3 piece set. Jacket + Pants( lining JERSEY 65% polyester 35% cotton)+Hat. Waterproof 3000 mm. 
set,262 m S17,Black / Scarlet,7,120-130 cm, $59.0 , $74.0 ,4,Demi-season,Girl,NANO,5-15,65 % POLYESTER,35% COTTON,Demi-season 3 piece set. Jacket + Pants( lining JERSEY 65% polyester 35% cotton)+Hat. Waterproof 3000 mm. 
set,262 m S17,Black / Scarlet,8,126-136 cm, $59.0 , $74.0 ,3,Demi-season,Girl,NANO,5-15,65 % POLYESTER,35% COTTON,Demi-season 3 piece set. Jacket + Pants( lining JERSEY 65% polyester 35% cotton)+Hat. Waterproof 3000 mm. 
set,262 m S17,Black / Scarlet,10,132-142 cm, $59.0 , $74.0 ,2,Demi-season,Girl,NANO,5-15,65 % POLYESTER,35% COTTON,Demi-season 3 piece set. Jacket + Pants( lining JERSEY 65% polyester 35% cotton)+Hat. Waterproof 3000 mm. 
set,268 m S17,Lavander / Dk Navy,12m,74-80 cm, $50.0 , $63.0 ,3,Demi-season,Girl,NANO,5-15,65 % POLYESTER,35% COTTON,Demi-season 3 piece set. Jacket + Pants( lining JERSEY 65% polyester 35% cotton)+Hat. Waterproof 3000 mm. 
set,268 m S17,Lavander / Dk Navy,18m,80-88 cm, $50.0 , $63.0 ,5,Demi-season,Girl,NANO,5-15,65 % POLYESTER,35% COTTON,Demi-season 3 piece set. Jacket + Pants( lining JERSEY 65% polyester 35% cotton)+Hat. Waterproof 3000 mm. 
set,268 m S17,Lavander / Dk Navy,24m,86-92 cm, $50.0 , $63.0 ,1,Demi-season,Girl,NANO,5-15,65 % POLYESTER,35% COTTON,Demi-season 3 piece set. Jacket + Pants( lining JERSEY 65% polyester 35% cotton)+Hat. Waterproof 3000 mm. 
set,268 m S17,Lavander / Dk Navy,2,89-95 cm, $59.0 , $74.0 ,5,Demi-season,Girl,NANO,5-15,65 % POLYESTER,35% COTTON,Demi-season 3 piece set. Jacket + Pants( lining JERSEY 65% polyester 35% cotton)+Hat. Waterproof 3000 mm. 
set,268 m S17,Lavander / Dk Navy,3,93-100 cm, $59.0 , $74.0 ,7,Demi-season,Girl,NANO,5-15,65 % POLYESTER,35% COTTON,Demi-season 3 piece set. Jacket + Pants( lining JERSEY 65% polyester 35% cotton)+Hat. Waterproof 3000 mm. 
set,268 m S17,Lavander / Dk Navy,3?,96-104 cm, $59.0 , $74.0 ,7,Demi-season,Girl,NANO,5-15,65 % POLYESTER,35% COTTON,Demi-season 3 piece set. Jacket + Pants( lining JERSEY 65% polyester 35% cotton)+Hat. Waterproof 3000 mm. 
set,268 m S17,Lavander / Dk Navy,4,100-110 cm, $59.0 , $74.0 ,7,Demi-season,Girl,NANO,5-15,65 % POLYESTER,35% COTTON,Demi-season 3 piece set. Jacket + Pants( lining JERSEY 65% polyester 35% cotton)+Hat. Waterproof 3000 mm. 
set,268 m S17,Lavander / Dk Navy,5,106-116 cm, $59.0 , $74.0 ,6,Demi-season,Girl,NANO,5-15,65 % POLYESTER,35% COTTON,Demi-season 3 piece set. Jacket + Pants( lining JERSEY 65% polyester 35% cotton)+Hat. Waterproof 3000 mm. 
set,268 m S17,Lavander / Dk Navy,6,112-122 cm, $59.0 , $74.0 ,7,Demi-season,Girl,NANO,5-15,65 % POLYESTER,35% COTTON,Demi-season 3 piece set. Jacket + Pants( lining JERSEY 65% polyester 35% cotton)+Hat. Waterproof 3000 mm. 
set,268 m S17,Lavander / Dk Navy,6?,116-126 cm, $59.0 , $74.0 ,7,Demi-season,Girl,NANO,5-15,65 % POLYESTER,35% COTTON,Demi-season 3 piece set. Jacket + Pants( lining JERSEY 65% polyester 35% cotton)+Hat. Waterproof 3000 mm. 
set,268 m S17,Lavander / Dk Navy,7,120-130 cm, $59.0 , $74.0 ,6,Demi-season,Girl,NANO,5-15,65 % POLYESTER,35% COTTON,Demi-season 3 piece set. Jacket + Pants( lining JERSEY 65% polyester 35% cotton)+Hat. Waterproof 3000 mm. 
set,268 m S17,Lavander / Dk Navy,8,126-136 cm, $59.0 , $74.0 ,5,Demi-season,Girl,NANO,5-15,65 % POLYESTER,35% COTTON,Demi-season 3 piece set. Jacket + Pants( lining JERSEY 65% polyester 35% cotton)+Hat. Waterproof 3000 mm. 
set,268 m S17,Lavander / Dk Navy,10,132-142 cm, $59.0 , $74.0 ,3,Demi-season,Girl,NANO,5-15,65 % POLYESTER,35% COTTON,Demi-season 3 piece set. Jacket + Pants( lining JERSEY 65% polyester 35% cotton)+Hat. Waterproof 3000 mm. 
set,272 m S17,Black / Flower,12m,74-80 cm, $50.0 , $63.0 ,12,Demi-season,Girl,NANO,5-15,65 % POLYESTER,35% COTTON,Demi-season 3 piece set. Jacket + Pants( lining JERSEY 65% polyester 35% cotton)+Hat. Waterproof 3000 mm. 
set,272 m S17,Black / Flower,18m,80-88 cm, $50.0 , $63.0 ,16,Demi-season,Girl,NANO,5-15,65 % POLYESTER,35% COTTON,Demi-season 3 piece set. Jacket + Pants( lining JERSEY 65% polyester 35% cotton)+Hat. Waterproof 3000 mm. 
set,272 m S17,Black / Flower,24m,86-92 cm, $50.0 , $63.0 ,17,Demi-season,Girl,NANO,5-15,65 % POLYESTER,35% COTTON,Demi-season 3 piece set. Jacket + Pants( lining JERSEY 65% polyester 35% cotton)+Hat. Waterproof 3000 mm. 
set,272 m S17,Black / Flower,2,89-95 cm, $59.0 , $74.0 ,7,Demi-season,Girl,NANO,5-15,65 % POLYESTER,35% COTTON,Demi-season 3 piece set. Jacket + Pants( lining JERSEY 65% polyester 35% cotton)+Hat. Waterproof 3000 mm. 
set,272 m S17,Black / Flower,3,93-100 cm, $59.0 , $74.0 ,8,Demi-season,Girl,NANO,5-15,65 % POLYESTER,35% COTTON,Demi-season 3 piece set. Jacket + Pants( lining JERSEY 65% polyester 35% cotton)+Hat. Waterproof 3000 mm. 
set,272 m S17,Black / Flower,3?,96-104 cm, $59.0 , $74.0 ,4,Demi-season,Girl,NANO,5-15,65 % POLYESTER,35% COTTON,Demi-season 3 piece set. Jacket + Pants( lining JERSEY 65% polyester 35% cotton)+Hat. Waterproof 3000 mm. 
set,272 m S17,Black / Flower,4,100-110 cm, $59.0 , $74.0 ,12,Demi-season,Girl,NANO,5-15,65 % POLYESTER,35% COTTON,Demi-season 3 piece set. Jacket + Pants( lining JERSEY 65% polyester 35% cotton)+Hat. Waterproof 3000 mm. 
set,272 m S17,Black / Flower,5,106-116 cm, $59.0 , $74.0 ,12,Demi-season,Girl,NANO,5-15,65 % POLYESTER,35% COTTON,Demi-season 3 piece set. Jacket + Pants( lining JERSEY 65% polyester 35% cotton)+Hat. Waterproof 3000 mm. 
set,272 m S17,Black / Flower,6,112-122 cm, $59.0 , $74.0 ,10,Demi-season,Girl,NANO,5-15,65 % POLYESTER,35% COTTON,Demi-season 3 piece set. Jacket + Pants( lining JERSEY 65% polyester 35% cotton)+Hat. Waterproof 3000 mm. 
set,272 m S17,Black / Flower,6?,116-126 cm, $59.0 , $74.0 ,11,Demi-season,Girl,NANO,5-15,65 % POLYESTER,35% COTTON,Demi-season 3 piece set. Jacket + Pants( lining JERSEY 65% polyester 35% cotton)+Hat. Waterproof 3000 mm. 
set,272 m S17,Black / Flower,7,120-130 cm, $59.0 , $74.0 ,7,Demi-season,Girl,NANO,5-15,65 % POLYESTER,35% COTTON,Demi-season 3 piece set. Jacket + Pants( lining JERSEY 65% polyester 35% cotton)+Hat. Waterproof 3000 mm. 
set,272 m S17,Black / Flower,8,126-136 cm, $59.0 , $74.0 ,5,Demi-season,Girl,NANO,5-15,65 % POLYESTER,35% COTTON,Demi-season 3 piece set. Jacket + Pants( lining JERSEY 65% polyester 35% cotton)+Hat. Waterproof 3000 mm. 
set,272 m S17,Black / Flower,10,132-142 cm, $59.0 , $74.0 ,3,Demi-season,Girl,NANO,5-15,65 % POLYESTER,35% COTTON,Demi-season 3 piece set. Jacket + Pants( lining JERSEY 65% polyester 35% cotton)+Hat. Waterproof 3000 mm. 
set,257 m S17,Deep Grey,12m,74-80 cm, $50.0 , $63.0 ,0,Demi-season,Boy,NANO,5-15,65 % POLYESTER,35% COTTON,Demi-season 3 piece set. Jacket + Pants( lining JERSEY 65% polyester 35% cotton)+Hat. Waterproof 3000 mm. 
set,257 m S17,Deep Grey,18m,80-88 cm, $50.0 , $63.0 ,0,Demi-season,Boy,NANO,5-15,65 % POLYESTER,35% COTTON,Demi-season 3 piece set. Jacket + Pants( lining JERSEY 65% polyester 35% cotton)+Hat. Waterproof 3000 mm. 
set,257 m S17,Deep Grey,24m,86-92 cm, $50.0 , $63.0 ,0,Demi-season,Boy,NANO,5-15,65 % POLYESTER,35% COTTON,Demi-season 3 piece set. Jacket + Pants( lining JERSEY 65% polyester 35% cotton)+Hat. Waterproof 3000 mm. 
set,257 m S17,Deep Grey,2,89-95 cm, $59.0 , $74.0 ,0,Demi-season,Boy,NANO,5-15,65 % POLYESTER,35% COTTON,Demi-season 3 piece set. Jacket + Pants( lining JERSEY 65% polyester 35% cotton)+Hat. Waterproof 3000 mm. 
set,257 m S17,Deep Grey,3,93-100 cm, $59.0 , $74.0 ,0,Demi-season,Boy,NANO,5-15,65 % POLYESTER,35% COTTON,Demi-season 3 piece set. Jacket + Pants( lining JERSEY 65% polyester 35% cotton)+Hat. Waterproof 3000 mm. 
set,257 m S17,Deep Grey,3?,96-104 cm, $59.0 , $74.0 ,1,Demi-season,Boy,NANO,5-15,65 % POLYESTER,35% COTTON,Demi-season 3 piece set. Jacket + Pants( lining JERSEY 65% polyester 35% cotton)+Hat. Waterproof 3000 mm. 
set,257 m S17,Deep Grey,4,100-110 cm, $59.0 , $74.0 ,6,Demi-season,Boy,NANO,5-15,65 % POLYESTER,35% COTTON,Demi-season 3 piece set. Jacket + Pants( lining JERSEY 65% polyester 35% cotton)+Hat. Waterproof 3000 mm. 
set,257 m S17,Deep Grey,5,106-116 cm, $59.0 , $74.0 ,6,Demi-season,Boy,NANO,5-15,65 % POLYESTER,35% COTTON,Demi-season 3 piece set. Jacket + Pants( lining JERSEY 65% polyester 35% cotton)+Hat. Waterproof 3000 mm. 
set,257 m S17,Deep Grey,6,112-122 cm, $59.0 , $74.0 ,5,Demi-season,Boy,NANO,5-15,65 % POLYESTER,35% COTTON,Demi-season 3 piece set. Jacket + Pants( lining JERSEY 65% polyester 35% cotton)+Hat. Waterproof 3000 mm. 
set,257 m S17,Deep Grey,6?,116-126 cm, $59.0 , $74.0 ,7,Demi-season,Boy,NANO,5-15,65 % POLYESTER,35% COTTON,Demi-season 3 piece set. Jacket + Pants( lining JERSEY 65% polyester 35% cotton)+Hat. Waterproof 3000 mm. 
set,257 m S17,Deep Grey,7,120-130 cm, $59.0 , $74.0 ,5,Demi-season,Boy,NANO,5-15,65 % POLYESTER,35% COTTON,Demi-season 3 piece set. Jacket + Pants( lining JERSEY 65% polyester 35% cotton)+Hat. Waterproof 3000 mm. 
set,257 m S17,Deep Grey,8,126-136 cm, $59.0 , $74.0 ,7,Demi-season,Boy,NANO,5-15,65 % POLYESTER,35% COTTON,Demi-season 3 piece set. Jacket + Pants( lining JERSEY 65% polyester 35% cotton)+Hat. Waterproof 3000 mm. 
set,257 m S17,Deep Grey,10,132-142 cm, $59.0 , $74.0 ,4,Demi-season,Boy,NANO,5-15,65 % POLYESTER,35% COTTON,Demi-season 3 piece set. Jacket + Pants( lining JERSEY 65% polyester 35% cotton)+Hat. Waterproof 3000 mm. 
set,271 m S17,Chili / Deep Grey,12m,74-80 cm, $50.0 , $63.0 ,3,Demi-season,Boy,NANO,5-15,65 % POLYESTER,35% COTTON,Demi-season 3 piece set. Jacket + Pants( lining JERSEY 65% polyester 35% cotton)+Hat. Waterproof 3000 mm. 
set,271 m S17,Chili / Deep Grey,18m,80-88 cm, $50.0 , $63.0 ,4,Demi-season,Boy,NANO,5-15,65 % POLYESTER,35% COTTON,Demi-season 3 piece set. Jacket + Pants( lining JERSEY 65% polyester 35% cotton)+Hat. Waterproof 3000 mm. 
set,271 m S17,Chili / Deep Grey,24m,86-92 cm, $50.0 , $63.0 ,4,Demi-season,Boy,NANO,5-15,65 % POLYESTER,35% COTTON,Demi-season 3 piece set. Jacket + Pants( lining JERSEY 65% polyester 35% cotton)+Hat. Waterproof 3000 mm. 
set,271 m S17,Chili / Deep Grey,2,89-95 cm, $59.0 , $74.0 ,4,Demi-season,Boy,NANO,5-15,65 % POLYESTER,35% COTTON,Demi-season 3 piece set. Jacket + Pants( lining JERSEY 65% polyester 35% cotton)+Hat. Waterproof 3000 mm. 
set,271 m S17,Chili / Deep Grey,3,93-100 cm, $59.0 , $74.0 ,4,Demi-season,Boy,NANO,5-15,65 % POLYESTER,35% COTTON,Demi-season 3 piece set. Jacket + Pants( lining JERSEY 65% polyester 35% cotton)+Hat. Waterproof 3000 mm. 
set,271 m S17,Chili / Deep Grey,3?,96-104 cm, $59.0 , $74.0 ,4,Demi-season,Boy,NANO,5-15,65 % POLYESTER,35% COTTON,Demi-season 3 piece set. Jacket + Pants( lining JERSEY 65% polyester 35% cotton)+Hat. Waterproof 3000 mm. 
set,271 m S17,Chili / Deep Grey,4,100-110 cm, $59.0 , $74.0 ,2,Demi-season,Boy,NANO,5-15,65 % POLYESTER,35% COTTON,Demi-season 3 piece set. Jacket + Pants( lining JERSEY 65% polyester 35% cotton)+Hat. Waterproof 3000 mm. 
set,271 m S17,Chili / Deep Grey,5,106-116 cm, $59.0 , $74.0 ,4,Demi-season,Boy,NANO,5-15,65 % POLYESTER,35% COTTON,Demi-season 3 piece set. Jacket + Pants( lining JERSEY 65% polyester 35% cotton)+Hat. Waterproof 3000 mm. 
set,271 m S17,Chili / Deep Grey,6,112-122 cm, $59.0 , $74.0 ,3,Demi-season,Boy,NANO,5-15,65 % POLYESTER,35% COTTON,Demi-season 3 piece set. Jacket + Pants( lining JERSEY 65% polyester 35% cotton)+Hat. Waterproof 3000 mm. 
set,271 m S17,Chili / Deep Grey,6?,116-126 cm, $59.0 , $74.0 ,5,Demi-season,Boy,NANO,5-15,65 % POLYESTER,35% COTTON,Demi-season 3 piece set. Jacket + Pants( lining JERSEY 65% polyester 35% cotton)+Hat. Waterproof 3000 mm. 
set,271 m S17,Chili / Deep Grey,7,120-130 cm, $59.0 , $74.0 ,4,Demi-season,Boy,NANO,5-15,65 % POLYESTER,35% COTTON,Demi-season 3 piece set. Jacket + Pants( lining JERSEY 65% polyester 35% cotton)+Hat. Waterproof 3000 mm. 
set,271 m S17,Chili / Deep Grey,8,126-136 cm, $59.0 , $74.0 ,4,Demi-season,Boy,NANO,5-15,65 % POLYESTER,35% COTTON,Demi-season 3 piece set. Jacket + Pants( lining JERSEY 65% polyester 35% cotton)+Hat. Waterproof 3000 mm. 
set,271 m S17,Chili / Deep Grey,10,132-142 cm, $59.0 , $74.0 ,3,Demi-season,Boy,NANO,5-15,65 % POLYESTER,35% COTTON,Demi-season 3 piece set. Jacket + Pants( lining JERSEY 65% polyester 35% cotton)+Hat. Waterproof 3000 mm. 
set,283 m S17,Textured Classical,12m,74-80 cm, $50.0 , $63.0 ,0,Demi-season,Boy,NANO,5-15,65 % POLYESTER,35% COTTON,Demi-season 3 piece set. Jacket + Pants( lining JERSEY 65% polyester 35% cotton)+Hat. Waterproof 3000 mm. 
set,283 m S17,Textured Classical,18m,80-88 cm, $50.0 , $63.0 ,2,Demi-season,Boy,NANO,5-15,65 % POLYESTER,35% COTTON,Demi-season 3 piece set. Jacket + Pants( lining JERSEY 65% polyester 35% cotton)+Hat. Waterproof 3000 mm. 
set,283 m S17,Textured Classical,24m,86-92 cm, $50.0 , $63.0 ,2,Demi-season,Boy,NANO,5-15,65 % POLYESTER,35% COTTON,Demi-season 3 piece set. Jacket + Pants( lining JERSEY 65% polyester 35% cotton)+Hat. Waterproof 3000 mm. 
set,283 m S17,Textured Classical,2,89-95 cm, $59.0 , $74.0 ,2,Demi-season,Boy,NANO,5-15,65 % POLYESTER,35% COTTON,Demi-season 3 piece set. Jacket + Pants( lining JERSEY 65% polyester 35% cotton)+Hat. Waterproof 3000 mm. 
set,283 m S17,Textured Classical,3,93-100 cm, $59.0 , $74.0 ,2,Demi-season,Boy,NANO,5-15,65 % POLYESTER,35% COTTON,Demi-season 3 piece set. Jacket + Pants( lining JERSEY 65% polyester 35% cotton)+Hat. Waterproof 3000 mm. 
set,283 m S17,Textured Classical,3?,96-104 cm, $59.0 , $74.0 ,5,Demi-season,Boy,NANO,5-15,65 % POLYESTER,35% COTTON,Demi-season 3 piece set. Jacket + Pants( lining JERSEY 65% polyester 35% cotton)+Hat. Waterproof 3000 mm. 
set,283 m S17,Textured Classical,4,100-110 cm, $59.0 , $74.0 ,5,Demi-season,Boy,NANO,5-15,65 % POLYESTER,35% COTTON,Demi-season 3 piece set. Jacket + Pants( lining JERSEY 65% polyester 35% cotton)+Hat. Waterproof 3000 mm. 
set,283 m S17,Textured Classical,5,106-116 cm, $59.0 , $74.0 ,5,Demi-season,Boy,NANO,5-15,65 % POLYESTER,35% COTTON,Demi-season 3 piece set. Jacket + Pants( lining JERSEY 65% polyester 35% cotton)+Hat. Waterproof 3000 mm. 
set,283 m S17,Textured Classical,6,112-122 cm, $59.0 , $74.0 ,7,Demi-season,Boy,NANO,5-15,65 % POLYESTER,35% COTTON,Demi-season 3 piece set. Jacket + Pants( lining JERSEY 65% polyester 35% cotton)+Hat. Waterproof 3000 mm. 
set,283 m S17,Textured Classical,6?,116-126 cm, $59.0 , $74.0 ,7,Demi-season,Boy,NANO,5-15,65 % POLYESTER,35% COTTON,Demi-season 3 piece set. Jacket + Pants( lining JERSEY 65% polyester 35% cotton)+Hat. Waterproof 3000 mm. 
set,283 m S17,Textured Classical,7,120-130 cm, $59.0 , $74.0 ,7,Demi-season,Boy,NANO,5-15,65 % POLYESTER,35% COTTON,Demi-season 3 piece set. Jacket + Pants( lining JERSEY 65% polyester 35% cotton)+Hat. Waterproof 3000 mm. 
set,283 m S17,Textured Classical,8,126-136 cm, $59.0 , $74.0 ,6,Demi-season,Boy,NANO,5-15,65 % POLYESTER,35% COTTON,Demi-season 3 piece set. Jacket + Pants( lining JERSEY 65% polyester 35% cotton)+Hat. Waterproof 3000 mm. 
set,283 m S17,Textured Classical,10,132-142 cm, $59.0 , $74.0 ,4,Demi-season,Boy,NANO,5-15,65 % POLYESTER,35% COTTON,Demi-season 3 piece set. Jacket + Pants( lining JERSEY 65% polyester 35% cotton)+Hat. Waterproof 3000 mm. 
set,285 m S17,Navy,12m,74-80 cm, $50.0 , $63.0 ,0,Demi-season,Boy,NANO,5-15,65 % POLYESTER,35% COTTON,Demi-season 3 piece set. Jacket + Pants( lining JERSEY 65% polyester 35% cotton)+Hat. Waterproof 3000 mm. 
set,285 m S17,Navy,18m,80-88 cm, $50.0 , $63.0 ,0,Demi-season,Boy,NANO,5-15,65 % POLYESTER,35% COTTON,Demi-season 3 piece set. Jacket + Pants( lining JERSEY 65% polyester 35% cotton)+Hat. Waterproof 3000 mm. 
set,285 m S17,Navy,24m,86-92 cm, $50.0 , $63.0 ,0,Demi-season,Boy,NANO,5-15,65 % POLYESTER,35% COTTON,Demi-season 3 piece set. Jacket + Pants( lining JERSEY 65% polyester 35% cotton)+Hat. Waterproof 3000 mm. 
set,285 m S17,Navy,2,89-95 cm, $59.0 , $74.0 ,5,Demi-season,Boy,NANO,5-15,65 % POLYESTER,35% COTTON,Demi-season 3 piece set. Jacket + Pants( lining JERSEY 65% polyester 35% cotton)+Hat. Waterproof 3000 mm. 
set,285 m S17,Navy,3,93-100 cm, $59.0 , $74.0 ,3,Demi-season,Boy,NANO,5-15,65 % POLYESTER,35% COTTON,Demi-season 3 piece set. Jacket + Pants( lining JERSEY 65% polyester 35% cotton)+Hat. Waterproof 3000 mm. 
set,285 m S17,Navy,3?,96-104 cm, $59.0 , $74.0 ,0,Demi-season,Boy,NANO,5-15,65 % POLYESTER,35% COTTON,Demi-season 3 piece set. Jacket + Pants( lining JERSEY 65% polyester 35% cotton)+Hat. Waterproof 3000 mm. 
set,285 m S17,Navy,4,100-110 cm, $59.0 , $74.0 ,2,Demi-season,Boy,NANO,5-15,65 % POLYESTER,35% COTTON,Demi-season 3 piece set. Jacket + Pants( lining JERSEY 65% polyester 35% cotton)+Hat. Waterproof 3000 mm. 
set,285 m S17,Navy,5,106-116 cm, $59.0 , $74.0 ,4,Demi-season,Boy,NANO,5-15,65 % POLYESTER,35% COTTON,Demi-season 3 piece set. Jacket + Pants( lining JERSEY 65% polyester 35% cotton)+Hat. Waterproof 3000 mm. 
set,285 m S17,Navy,6,112-122 cm, $59.0 , $74.0 ,5,Demi-season,Boy,NANO,5-15,65 % POLYESTER,35% COTTON,Demi-season 3 piece set. Jacket + Pants( lining JERSEY 65% polyester 35% cotton)+Hat. Waterproof 3000 mm. 
set,285 m S17,Navy,6?,116-126 cm, $59.0 , $74.0 ,5,Demi-season,Boy,NANO,5-15,65 % POLYESTER,35% COTTON,Demi-season 3 piece set. Jacket + Pants( lining JERSEY 65% polyester 35% cotton)+Hat. Waterproof 3000 mm. 
set,285 m S17,Navy,7,120-130 cm, $59.0 , $74.0 ,5,Demi-season,Boy,NANO,5-15,65 % POLYESTER,35% COTTON,Demi-season 3 piece set. Jacket + Pants( lining JERSEY 65% polyester 35% cotton)+Hat. Waterproof 3000 mm. 
set,285 m S17,Navy,8,126-136 cm, $59.0 , $74.0 ,5,Demi-season,Boy,NANO,5-15,65 % POLYESTER,35% COTTON,Demi-season 3 piece set. Jacket + Pants( lining JERSEY 65% polyester 35% cotton)+Hat. Waterproof 3000 mm. 
set,285 m S17,Navy,10,132-142 cm, $59.0 , $74.0 ,3,Demi-season,Boy,NANO,5-15,65 % POLYESTER,35% COTTON,Demi-season 3 piece set. Jacket + Pants( lining JERSEY 65% polyester 35% cotton)+Hat. Waterproof 3000 mm. 
pants,200 P S17,Deep Grey,12m,74-80 cm, $18.0 , $22.5 ,5,Demi-season,unisex,NANO,0-15,65 % POLYESTER,35% COTTON,Demi-season waterproof pants. membrane 1000 mm. Lining 65% polyester 35% cotton. Waterproof 3000 mm. 
pants,200 P S17,Deep Grey,18m,80-88 cm, $18.0 , $22.5 ,5,Demi-season,unisex,NANO,0-15,65 % POLYESTER,35% COTTON,Demi-season waterproof pants. membrane 1000 mm. Lining 65% polyester 35% cotton. Waterproof 3000 mm. 
pants,200 P S17,Deep Grey,24m,86-92 cm, $18.0 , $22.5 ,5,Demi-season,unisex,NANO,0-15,65 % POLYESTER,35% COTTON,Demi-season waterproof pants. membrane 1000 mm. Lining 65% polyester 35% cotton. Waterproof 3000 mm. 
pants,200 P S17,Deep Grey,2,89-95 cm, $23.0 , $28.0 ,7,Demi-season,unisex,NANO,0-15,65 % POLYESTER,35% COTTON,Demi-season waterproof pants. membrane 1000 mm. Lining 65% polyester 35% cotton. Waterproof 3000 mm. 
pants,200 P S17,Deep Grey,3,93-100 cm, $23.0 , $28.0 ,7,Demi-season,unisex,NANO,0-15,65 % POLYESTER,35% COTTON,Demi-season waterproof pants. membrane 1000 mm. Lining 65% polyester 35% cotton. Waterproof 3000 mm. 
pants,200 P S17,Deep Grey,3?,96-104 cm, $23.0 , $28.0 ,7,Demi-season,unisex,NANO,0-15,65 % POLYESTER,35% COTTON,Demi-season waterproof pants. membrane 1000 mm. Lining 65% polyester 35% cotton. Waterproof 3000 mm. 
pants,200 P S17,Deep Grey,4,100-110 cm, $23.0 , $28.0 ,7,Demi-season,unisex,NANO,0-15,65 % POLYESTER,35% COTTON,Demi-season waterproof pants. membrane 1000 mm. Lining 65% polyester 35% cotton. Waterproof 3000 mm. 
pants,200 P S17,Deep Grey,5,106-116 cm, $23.0 , $28.0 ,7,Demi-season,unisex,NANO,0-15,65 % POLYESTER,35% COTTON,Demi-season waterproof pants. membrane 1000 mm. Lining 65% polyester 35% cotton. Waterproof 3000 mm. 
pants,200 P S17,Deep Grey,6,112-122 cm, $23.0 , $28.0 ,7,Demi-season,unisex,NANO,0-15,65 % POLYESTER,35% COTTON,Demi-season waterproof pants. membrane 1000 mm. Lining 65% polyester 35% cotton. Waterproof 3000 mm. 
pants,200 P S17,Deep Grey,6?,116-126 cm, $23.0 , $28.0 ,7,Demi-season,unisex,NANO,0-15,65 % POLYESTER,35% COTTON,Demi-season waterproof pants. membrane 1000 mm. Lining 65% polyester 35% cotton. Waterproof 3000 mm. 
pants,200 P S17,Deep Grey,7,120-130 cm, $23.0 , $28.0 ,7,Demi-season,unisex,NANO,0-15,65 % POLYESTER,35% COTTON,Demi-season waterproof pants. membrane 1000 mm. Lining 65% polyester 35% cotton. Waterproof 3000 mm. 
pants,200 P S17,Deep Grey,8,126-136 cm, $23.0 , $28.0 ,7,Demi-season,unisex,NANO,0-15,65 % POLYESTER,35% COTTON,Demi-season waterproof pants. membrane 1000 mm. Lining 65% polyester 35% cotton. Waterproof 3000 mm. 
pants,200 P S17,Deep Grey,10,132-142 cm, $23.0 , $28.0 ,7,Demi-season,unisex,NANO,0-15,65 % POLYESTER,35% COTTON,Demi-season waterproof pants. membrane 1000 mm. Lining 65% polyester 35% cotton. Waterproof 3000 mm. 
pants,200 P S17,Navy,12m,74-80 cm, $18.0 , $22.5 ,5,Demi-season,unisex,NANO,0-15,65 % POLYESTER,35% COTTON,Demi-season waterproof pants. membrane 1000 mm. Lining 65% polyester 35% cotton. Waterproof 3000 mm. 
pants,200 P S17,Navy,18m,80-88 cm, $18.0 , $22.5 ,5,Demi-season,unisex,NANO,0-15,65 % POLYESTER,35% COTTON,Demi-season waterproof pants. membrane 1000 mm. Lining 65% polyester 35% cotton. Waterproof 3000 mm. 
pants,200 P S17,Navy,24m,86-92 cm, $18.0 , $22.5 ,5,Demi-season,unisex,NANO,0-15,65 % POLYESTER,35% COTTON,Demi-season waterproof pants. membrane 1000 mm. Lining 65% polyester 35% cotton. Waterproof 3000 mm. 
pants,200 P S17,Navy,2,89-95 cm, $23.0 , $28.0 ,7,Demi-season,unisex,NANO,0-15,65 % POLYESTER,35% COTTON,Demi-season waterproof pants. membrane 1000 mm. Lining 65% polyester 35% cotton. Waterproof 3000 mm. 
pants,200 P S17,Navy,3,93-100 cm, $23.0 , $28.0 ,7,Demi-season,unisex,NANO,0-15,65 % POLYESTER,35% COTTON,Demi-season waterproof pants. membrane 1000 mm. Lining 65% polyester 35% cotton. Waterproof 3000 mm. 
pants,200 P S17,Navy,3?,96-104 cm, $23.0 , $28.0 ,7,Demi-season,unisex,NANO,0-15,65 % POLYESTER,35% COTTON,Demi-season waterproof pants. membrane 1000 mm. Lining 65% polyester 35% cotton. Waterproof 3000 mm. 
pants,200 P S17,Navy,4,100-110 cm, $23.0 , $28.0 ,7,Demi-season,unisex,NANO,0-15,65 % POLYESTER,35% COTTON,Demi-season waterproof pants. membrane 1000 mm. Lining 65% polyester 35% cotton. Waterproof 3000 mm. 
pants,200 P S17,Navy,5,106-116 cm, $23.0 , $28.0 ,7,Demi-season,unisex,NANO,0-15,65 % POLYESTER,35% COTTON,Demi-season waterproof pants. membrane 1000 mm. Lining 65% polyester 35% cotton. Waterproof 3000 mm. 
pants,200 P S17,Navy,6,112-122 cm, $23.0 , $28.0 ,7,Demi-season,unisex,NANO,0-15,65 % POLYESTER,35% COTTON,Demi-season waterproof pants. membrane 1000 mm. Lining 65% polyester 35% cotton. Waterproof 3000 mm. 
pants,200 P S17,Navy,6?,116-126 cm, $23.0 , $28.0 ,7,Demi-season,unisex,NANO,0-15,65 % POLYESTER,35% COTTON,Demi-season waterproof pants. membrane 1000 mm. Lining 65% polyester 35% cotton. Waterproof 3000 mm. 
pants,200 P S17,Navy,7,120-130 cm, $23.0 , $28.0 ,7,Demi-season,unisex,NANO,0-15,65 % POLYESTER,35% COTTON,Demi-season waterproof pants. membrane 1000 mm. Lining 65% polyester 35% cotton. Waterproof 3000 mm. 
pants,200 P S17,Navy,8,126-136 cm, $23.0 , $28.0 ,7,Demi-season,unisex,NANO,0-15,65 % POLYESTER,35% COTTON,Demi-season waterproof pants. membrane 1000 mm. Lining 65% polyester 35% cotton. Waterproof 3000 mm. 
pants,200 P S17,Navy,10,132-142 cm, $23.0 , $28.0 ,7,Demi-season,unisex,NANO,0-15,65 % POLYESTER,35% COTTON,Demi-season waterproof pants. membrane 1000 mm. Lining 65% polyester 35% cotton. Waterproof 3000 mm. 
set,650 m F14,Virtual Pink,12m,74-80 cm, $49.0 , $61.5 ,3,Demi-season,Girl,NANO,0-15,65 % POLYESTER,35% COTTON,Demi-season 2 piece set. Jacket on fleece + Pants(lining JERSEY 65% polyester 35% cotton) + Hat. Waterproof 3000 mm. 
set,650 m F14,Virtual Pink,18m,80-88 cm, $49.0 , $61.5 ,1,Demi-season,Girl,NANO,0-15,65 % POLYESTER,35% COTTON,Demi-season 2 piece set. Jacket on fleece + Pants(lining JERSEY 65% polyester 35% cotton) + Hat. Waterproof 3000 mm. 
set,650 m F14,Virtual Pink,24m,86-92 cm, $49.0 , $61.5 ,2,Demi-season,Girl,NANO,0-15,65 % POLYESTER,35% COTTON,Demi-season 2 piece set. Jacket on fleece + Pants(lining JERSEY 65% polyester 35% cotton) + Hat. Waterproof 3000 mm. 
set,650 m F14,Virtual Pink,2,89-95 cm, $56.0 , $70.0 ,1,Demi-season,Girl,NANO,0-15,65 % POLYESTER,35% COTTON,Demi-season 2 piece set. Jacket on fleece + Pants(lining JERSEY 65% polyester 35% cotton) + Hat. Waterproof 3000 mm. 
set,650 m F14,Virtual Pink,3,93-100 cm, $56.0 , $70.0 ,1,Demi-season,Girl,NANO,0-15,65 % POLYESTER,35% COTTON,Demi-season 2 piece set. Jacket on fleece + Pants(lining JERSEY 65% polyester 35% cotton) + Hat. Waterproof 3000 mm. 
set,650 m F14,Virtual Pink,3?,96-104 cm, $56.0 , $70.0 ,,Demi-season,Girl,NANO,0-15,65 % POLYESTER,35% COTTON,Demi-season 2 piece set. Jacket on fleece + Pants(lining JERSEY 65% polyester 35% cotton) + Hat. Waterproof 3000 mm. 
set,650 m F14,Virtual Pink,4,100-110 cm, $56.0 , $70.0 ,,Demi-season,Girl,NANO,0-15,65 % POLYESTER,35% COTTON,Demi-season 2 piece set. Jacket on fleece + Pants(lining JERSEY 65% polyester 35% cotton) + Hat. Waterproof 3000 mm. 
set,650 m F14,Virtual Pink,5,106-116 cm, $56.0 , $70.0 ,1,Demi-season,Girl,NANO,0-15,65 % POLYESTER,35% COTTON,Demi-season 2 piece set. Jacket on fleece + Pants(lining JERSEY 65% polyester 35% cotton) + Hat. Waterproof 3000 mm. 
set,650 m F14,Virtual Pink,6,112-122 cm, $56.0 , $70.0 ,,Demi-season,Girl,NANO,0-15,65 % POLYESTER,35% COTTON,Demi-season 2 piece set. Jacket on fleece + Pants(lining JERSEY 65% polyester 35% cotton) + Hat. Waterproof 3000 mm. 
set,650 m F14,Virtual Pink,6?,116-126 cm, $56.0 , $70.0 ,,Demi-season,Girl,NANO,0-15,65 % POLYESTER,35% COTTON,Demi-season 2 piece set. Jacket on fleece + Pants(lining JERSEY 65% polyester 35% cotton) + Hat. Waterproof 3000 mm. 
set,651 m F14,Navy,12m,74-80 cm, $49.0 , $61.5 ,1,Demi-season,Boy,NANO,0-15,65 % POLYESTER,35% COTTON,Demi-season 2 piece set. Jacket on fleece + Pants(lining JERSEY 65% polyester 35% cotton) + Hat. Waterproof 3000 mm. 
set,651 m F14,Navy,18m,80-88 cm, $49.0 , $61.5 ,3,Demi-season,Boy,NANO,0-15,65 % POLYESTER,35% COTTON,Demi-season 2 piece set. Jacket on fleece + Pants(lining JERSEY 65% polyester 35% cotton) + Hat. Waterproof 3000 mm. 
set,651 m F14,Navy,24m,86-92 cm, $49.0 , $61.5 ,1,Demi-season,Boy,NANO,0-15,65 % POLYESTER,35% COTTON,Demi-season 2 piece set. Jacket on fleece + Pants(lining JERSEY 65% polyester 35% cotton) + Hat. Waterproof 3000 mm. 
set,651 m F14,Navy,2,89-95 cm, $56.0 , $70.0 ,4,Demi-season,Boy,NANO,0-15,65 % POLYESTER,35% COTTON,Demi-season 2 piece set. Jacket on fleece + Pants(lining JERSEY 65% polyester 35% cotton) + Hat. Waterproof 3000 mm. 
set,651 m F14,Navy,3,93-100 cm, $56.0 , $70.0 ,,Demi-season,Boy,NANO,0-15,65 % POLYESTER,35% COTTON,Demi-season 2 piece set. Jacket on fleece + Pants(lining JERSEY 65% polyester 35% cotton) + Hat. Waterproof 3000 mm. 
set,651 m F14,Navy,3?,96-104 cm, $56.0 , $70.0 ,1,Demi-season,Boy,NANO,0-15,65 % POLYESTER,35% COTTON,Demi-season 2 piece set. Jacket on fleece + Pants(lining JERSEY 65% polyester 35% cotton) + Hat. Waterproof 3000 mm. 
set,651 m F14,Navy,4,100-110 cm, $56.0 , $70.0 ,,Demi-season,Boy,NANO,0-15,65 % POLYESTER,35% COTTON,Demi-season 2 piece set. Jacket on fleece + Pants(lining JERSEY 65% polyester 35% cotton) + Hat. Waterproof 3000 mm. 
set,651 m F14,Navy,5,106-116 cm, $56.0 , $70.0 ,,Demi-season,Boy,NANO,0-15,65 % POLYESTER,35% COTTON,Demi-season 2 piece set. Jacket on fleece + Pants(lining JERSEY 65% polyester 35% cotton) + Hat. Waterproof 3000 mm. 
set,651 m F14,Navy,6,112-122 cm, $56.0 , $70.0 ,,Demi-season,Boy,NANO,0-15,65 % POLYESTER,35% COTTON,Demi-season 2 piece set. Jacket on fleece + Pants(lining JERSEY 65% polyester 35% cotton) + Hat. Waterproof 3000 mm. 
set,651 m F14,Navy,6?,116-126 cm, $56.0 , $70.0 ,,Demi-season,Boy,NANO,0-15,65 % POLYESTER,35% COTTON,Demi-season 2 piece set. Jacket on fleece + Pants(lining JERSEY 65% polyester 35% cotton) + Hat. Waterproof 3000 mm. 
jacket,650 mJ F14,Virtual Pink,12m,74-80 cm, $34.5 , $43.00 ,1,Demi-season,Girl,NANO,0-15,65 % POLYESTER,35% COTTON,Demi-season 2 piece set. Jacket on fleece + Pants(lining JERSEY 65% polyester 35% cotton) + Hat. Waterproof 3000 mm. 
jacket,650 mJ F14,Virtual Pink,18m,80-88 cm, $34.5 , $43.00 ,1,Demi-season,Girl,NANO,0-15,65 % POLYESTER,35% COTTON,Demi-season 2 piece set. Jacket on fleece + Pants(lining JERSEY 65% polyester 35% cotton) + Hat. Waterproof 3000 mm. 
jacket,650 mJ F14,Virtual Pink,24m,86-92 cm, $34.5 , $43.00 ,,Demi-season,Girl,NANO,0-15,65 % POLYESTER,35% COTTON,Demi-season 2 piece set. Jacket on fleece + Pants(lining JERSEY 65% polyester 35% cotton) + Hat. Waterproof 3000 mm. 
jacket,650 mJ F14,Virtual Pink,2,89-95 cm, $40.0 , $50.00 ,,Demi-season,Girl,NANO,0-15,65 % POLYESTER,35% COTTON,Demi-season 2 piece set. Jacket on fleece + Pants(lining JERSEY 65% polyester 35% cotton) + Hat. Waterproof 3000 mm. 
jacket,650 mJ F14,Virtual Pink,3,93-100 cm, $40.0 , $50.00 ,,Demi-season,Girl,NANO,0-15,65 % POLYESTER,35% COTTON,Demi-season 2 piece set. Jacket on fleece + Pants(lining JERSEY 65% polyester 35% cotton) + Hat. Waterproof 3000 mm. 
jacket,650 mJ F14,Virtual Pink,3?,96-104 cm, $40.0 , $50.00 ,,Demi-season,Girl,NANO,0-15,65 % POLYESTER,35% COTTON,Demi-season 2 piece set. Jacket on fleece + Pants(lining JERSEY 65% polyester 35% cotton) + Hat. Waterproof 3000 mm. 
jacket,650 mJ F14,Virtual Pink,4,100-110 cm, $40.0 , $50.00 ,,Demi-season,Girl,NANO,0-15,65 % POLYESTER,35% COTTON,Demi-season 2 piece set. Jacket on fleece + Pants(lining JERSEY 65% polyester 35% cotton) + Hat. Waterproof 3000 mm. 
jacket,650 mJ F14,Virtual Pink,5,106-116 cm, $40.0 , $50.00 ,,Demi-season,Girl,NANO,0-15,65 % POLYESTER,35% COTTON,Demi-season 2 piece set. Jacket on fleece + Pants(lining JERSEY 65% polyester 35% cotton) + Hat. Waterproof 3000 mm. 
jacket,650 mJ F14,Virtual Pink,6,112-122 cm, $40.0 , $50.00 ,,Demi-season,Girl,NANO,0-15,65 % POLYESTER,35% COTTON,Demi-season 2 piece set. Jacket on fleece + Pants(lining JERSEY 65% polyester 35% cotton) + Hat. Waterproof 3000 mm. 
jacket,650 mJ F14,Virtual Pink,6?,116-126 cm, $40.0 , $50.00 ,,Demi-season,Girl,NANO,0-15,65 % POLYESTER,35% COTTON,Demi-season 2 piece set. Jacket on fleece + Pants(lining JERSEY 65% polyester 35% cotton) + Hat. Waterproof 3000 mm. 
jacket,651 m F14,Navy,12m,74-80 cm, $34.5 , $43.00 ,1,Demi-season,Boy,NANO,0-15,65 % POLYESTER,35% COTTON,Demi-season 2 piece set. Jacket on fleece + Pants(lining JERSEY 65% polyester 35% cotton) + Hat. Waterproof 3000 mm. 
jacket,651 m F14,Navy,18m,80-88 cm, $34.5 , $43.00 ,1,Demi-season,Boy,NANO,0-15,65 % POLYESTER,35% COTTON,Demi-season 2 piece set. Jacket on fleece + Pants(lining JERSEY 65% polyester 35% cotton) + Hat. Waterproof 3000 mm. 
jacket,651 m F14,Navy,24m,86-92 cm, $34.5 , $43.00 ,,Demi-season,Boy,NANO,0-15,65 % POLYESTER,35% COTTON,Demi-season 2 piece set. Jacket on fleece + Pants(lining JERSEY 65% polyester 35% cotton) + Hat. Waterproof 3000 mm. 
jacket,651 m F14,Navy,2,89-95 cm, $40.0 , $50.00 ,,Demi-season,Boy,NANO,0-15,65 % POLYESTER,35% COTTON,Demi-season 2 piece set. Jacket on fleece + Pants(lining JERSEY 65% polyester 35% cotton) + Hat. Waterproof 3000 mm. 
jacket,651 m F14,Navy,3,93-100 cm, $40.0 , $50.00 ,,Demi-season,Boy,NANO,0-15,65 % POLYESTER,35% COTTON,Demi-season 2 piece set. Jacket on fleece + Pants(lining JERSEY 65% polyester 35% cotton) + Hat. Waterproof 3000 mm. 
jacket,651 m F14,Navy,3?,96-104 cm, $40.0 , $50.00 ,1,Demi-season,Boy,NANO,0-15,65 % POLYESTER,35% COTTON,Demi-season 2 piece set. Jacket on fleece + Pants(lining JERSEY 65% polyester 35% cotton) + Hat. Waterproof 3000 mm. 
jacket,651 m F14,Navy,4,100-110 cm, $40.0 , $50.00 ,,Demi-season,Boy,NANO,0-15,65 % POLYESTER,35% COTTON,Demi-season 2 piece set. Jacket on fleece + Pants(lining JERSEY 65% polyester 35% cotton) + Hat. Waterproof 3000 mm. 
jacket,651 m F14,Navy,5,106-116 cm, $40.0 , $50.00 ,,Demi-season,Boy,NANO,0-15,65 % POLYESTER,35% COTTON,Demi-season 2 piece set. Jacket on fleece + Pants(lining JERSEY 65% polyester 35% cotton) + Hat. Waterproof 3000 mm. 
jacket,651 m F14,Navy,6,112-122 cm, $40.0 , $50.00 ,,Demi-season,Boy,NANO,0-15,65 % POLYESTER,35% COTTON,Demi-season 2 piece set. Jacket on fleece + Pants(lining JERSEY 65% polyester 35% cotton) + Hat. Waterproof 3000 mm. 
jacket,651 m F14,Navy,6?,116-126 cm, $40.0 , $50.00 ,,Demi-season,Boy,NANO,0-15,65 % POLYESTER,35% COTTON,Demi-season 2 piece set. Jacket on fleece + Pants(lining JERSEY 65% polyester 35% cotton) + Hat. Waterproof 3000 mm. 
jacket,1250 m F16,Bright Coraline,3,97cm, $40.0 , $50.0 ,,Demi-season,Girl,NANO,-5-15,POLIFILL,FLEECE,"Demi-season jacket. Insulation POLIFILL 130 gr, lining fleece."
jacket,1250 m F16,Bright Coraline,4,104cm, $40.0 , $50.0 ,,Demi-season,Girl,NANO,-5-15,POLIFILL,FLEECE,"Demi-season jacket. Insulation POLIFILL 130 gr, lining fleece."
jacket,1250 m F16,Bright Coraline,5,112cm, $40.0 , $50.0 ,,Demi-season,Girl,NANO,-5-15,POLIFILL,FLEECE,"Demi-season jacket. Insulation POLIFILL 130 gr, lining fleece."
jacket,1250 m F16,Bright Coraline,6,119cm, $40.0 , $50.0 ,,Demi-season,Girl,NANO,-5-15,POLIFILL,FLEECE,"Demi-season jacket. Insulation POLIFILL 130 gr, lining fleece."
jacket,1250 m F16,Bright Coraline,7,127cm, $40.0 , $50.0 ,,Demi-season,Girl,NANO,-5-15,POLIFILL,FLEECE,"Demi-season jacket. Insulation POLIFILL 130 gr, lining fleece."
jacket,1250 m F16,Bright Coraline,8,134 cm, $40.0 , $50.0 ,,Demi-season,Girl,NANO,-5-15,POLIFILL,FLEECE,"Demi-season jacket. Insulation POLIFILL 130 gr, lining fleece."
jacket,1250 m F16,Bright Coraline,10,140 cm, $40.0 , $50.0 ,2,Demi-season,Girl,NANO,-5-15,POLIFILL,FLEECE,"Demi-season jacket. Insulation POLIFILL 130 gr, lining fleece."
jacket,1250 m F16,Bright Coraline,12,146 cm, $40.0 , $50.0 ,1,Demi-season,Girl,NANO,-5-15,POLIFILL,FLEECE,"Demi-season jacket. Insulation POLIFILL 130 gr, lining fleece."
jacket,1250 m F16,Bright Coraline,3,97cm, $40.0 , $50.0 ,1,Demi-season,Girl,NANO,-5-15,POLIFILL,FLEECE,"Demi-season jacket. Insulation POLIFILL 130 gr, lining fleece."
jacket,1250 m F16,Bright Coraline,4,104cm, $40.0 , $50.0 ,3,Demi-season,Girl,NANO,-5-15,POLIFILL,FLEECE,"Demi-season jacket. Insulation POLIFILL 130 gr, lining fleece."
jacket,1250 m F16,Bright Coraline,5,112cm, $40.0 , $50.0 ,2,Demi-season,Girl,NANO,-5-15,POLIFILL,FLEECE,"Demi-season jacket. Insulation POLIFILL 130 gr, lining fleece."
jacket,1250 m F16,Bright Coraline,6,119cm, $40.0 , $50.0 ,2,Demi-season,Girl,NANO,-5-15,POLIFILL,FLEECE,"Demi-season jacket. Insulation POLIFILL 130 gr, lining fleece."
jacket,1250 m F16,Bright Coraline,7,127cm, $40.0 , $50.0 ,2,Demi-season,Girl,NANO,-5-15,POLIFILL,FLEECE,"Demi-season jacket. Insulation POLIFILL 130 gr, lining fleece."
jacket,1250 m F16,Bright Coraline,8,134 cm, $40.0 , $50.0 ,1,Demi-season,Girl,NANO,-5-15,POLIFILL,FLEECE,"Demi-season jacket. Insulation POLIFILL 130 gr, lining fleece."
jacket,1250 m F16,Bright Coraline,10,140 cm, $40.0 , $50.0 ,0,Demi-season,Girl,NANO,-5-15,POLIFILL,FLEECE,"Demi-season jacket. Insulation POLIFILL 130 gr, lining fleece."
jacket,1250 m F16,Bright Coraline,12,146 cm, $40.0 , $50.0 ,0,Demi-season,Girl,NANO,-5-15,POLIFILL,FLEECE,"Demi-season jacket. Insulation POLIFILL 130 gr, lining fleece."
hat,200 BTUT S17,Classical,3/9 m,, $6.0 , $7.5 ,0,Demi-season,Boy,NANO,, COTTON,,Knit hat 100% COTTON
hat,200 BTUT S17,Classical,12/24 m,, $6.0 , $7.5 ,0,Demi-season,Boy,NANO,, COTTON,,Knit hat 100% COTTON
hat,200 BTUT S17,Classical,2/4?,, $6.0 , $7.5 ,20,Demi-season,Boy,NANO,, COTTON,,Knit hat 100% COTTON
hat,200 BTUT S17,Classical,5/6?,, $6.0 , $7.5 ,20,Demi-season,Boy,NANO,, COTTON,,Knit hat 100% COTTON
hat,200 BTUT S17,Classical,7/12,, $6.0 , $7.5 ,4,Demi-season,Boy,NANO,, COTTON,,Knit hat 100% COTTON
hat,200 BTUT S17,Navy,3/9 m,, $6.0 , $7.50 ,0,Demi-season,unisex,NANO,, COTTON,,Knit hat 100% COTTON
hat,200 BTUT S17,Navy,12/24 m,, $6.0 , $7.50 ,0,Demi-season,unisex,NANO,, COTTON,,Knit hat 100% COTTON
hat,200 BTUT S17,Navy,2/4?,, $6.0 , $7.50 ,18,Demi-season,unisex,NANO,, COTTON,,Knit hat 100% COTTON
hat,200 BTUT S17,Navy,5/6?,, $6.0 , $7.50 ,20,Demi-season,unisex,NANO,, COTTON,,Knit hat 100% COTTON
hat,200 BTUT S17,Navy,7/12,, $6.0 , $7.50 ,11,Demi-season,unisex,NANO,, COTTON,,Knit hat 100% COTTON
hat,200 BTUT S17,Black,3/9 m,, $6.0 , $7.50 ,0,Demi-season,unisex,NANO,, COTTON,,Knit hat 100% COTTON
hat,200 BTUT S17,Black,12/24 m,, $6.0 , $7.50 ,0,Demi-season,unisex,NANO,, COTTON,,Knit hat 100% COTTON
hat,200 BTUT S17,Black,2/4?,, $6.0 , $7.50 ,5,Demi-season,unisex,NANO,, COTTON,,Knit hat 100% COTTON
hat,200 BTUT S17,Black,5/6?,, $6.0 , $7.50 ,18,Demi-season,unisex,NANO,, COTTON,,Knit hat 100% COTTON
hat,200 BTUT S17,Black,7/12,, $6.0 , $7.50 ,20,Demi-season,unisex,NANO,, COTTON,,Knit hat 100% COTTON
hat,200 BTUT S17,Dark Grey mix,3/9 m,, $6.0 , $7.50 ,0,Demi-season,unisex,NANO,, COTTON,,Knit hat 100% COTTON
hat,200 BTUT S17,Dark Grey mix,12/24 m,, $6.0 , $7.50 ,0,Demi-season,unisex,NANO,, COTTON,,Knit hat 100% COTTON
hat,200 BTUT S17,Dark Grey mix,2/4?,, $6.0 , $7.50 ,30,Demi-season,unisex,NANO,, COTTON,,Knit hat 100% COTTON
hat,200 BTUT S17,Dark Grey mix,5/6?,, $6.0 , $7.50 ,30,Demi-season,unisex,NANO,, COTTON,,Knit hat 100% COTTON
hat,200 BTUT S17,Dark Grey mix,7/12,, $6.0 , $7.50 ,29,Demi-season,unisex,NANO,, COTTON,,Knit hat 100% COTTON
hat,200 BTUT S17,Flower,3/9 m,, $6.0 , $7.50 ,0,Demi-season,Girl,NANO,, COTTON,,Knit hat 100% COTTON
hat,200 BTUT S17,Flower,12/24 m,, $6.0 , $7.50 ,0,Demi-season,Girl,NANO,, COTTON,,Knit hat 100% COTTON
hat,200 BTUT S17,Flower,2/4?,, $6.0 , $7.50 ,16,Demi-season,Girl,NANO,, COTTON,,Knit hat 100% COTTON
hat,200 BTUT S17,Flower,5/6?,, $6.0 , $7.50 ,16,Demi-season,Girl,NANO,, COTTON,,Knit hat 100% COTTON
hat,200 BTUT S17,Flower,7/12,, $6.0 , $7.50 ,21,Demi-season,Girl,NANO,, COTTON,,Knit hat 100% COTTON
hat,254 TUT S17,Dark Navy,12/24 m,, $7.0 , $9.00 ,0,Demi-season,unisex,NANO,, COTTON,,Knit hat 100% COTTON
hat,254 TUT S17,Dark Navy,2/4?,, $7.0 , $9.00 ,5,Demi-season,unisex,NANO,, COTTON,,Knit hat 100% COTTON
hat,254 TUT S17,Dark Navy,5/6?,, $7.0 , $9.00 ,10,Demi-season,unisex,NANO,, COTTON,,Knit hat 100% COTTON
hat,254 TUT S17,Dark Navy,7/12,, $7.0 , $9.00 ,8,Demi-season,unisex,NANO,, COTTON,,Knit hat 100% COTTON
hat,254 TUT S17,Flower,12/24 m,, $7.0 , $9.00 ,0,Demi-season,Girl,NANO,, COTTON,,Knit hat 100% COTTON
hat,254 TUT S17,Flower,2/4?,, $7.0 , $9.00 ,5,Demi-season,Girl,NANO,, COTTON,,Knit hat 100% COTTON
hat,254 TUT S17,Flower,5/6?,, $7.0 , $9.00 ,5,Demi-season,Girl,NANO,, COTTON,,Knit hat 100% COTTON
hat,254 TUT S17,Flower,7/12,, $7.0 , $9.00 ,5,Demi-season,Girl,NANO,, COTTON,,Knit hat 100% COTTON
hat,262 TUT S17,Lipstick,12/24 m,, $7.0 , $9.00 ,0,Demi-season,Girl,NANO,, COTTON,,Knit hat 100% COTTON
hat,262 TUT S17,Lipstick,2/4?,, $7.0 , $9.00 ,5,Demi-season,Girl,NANO,, COTTON,,Knit hat 100% COTTON
hat,262 TUT S17,Lipstick,5/6?,, $7.0 , $9.00 ,5,Demi-season,Girl,NANO,, COTTON,,Knit hat 100% COTTON
hat,262 TUT S17,Lipstick,7/12,, $7.0 , $9.00 ,3,Demi-season,Girl,NANO,, COTTON,,Knit hat 100% COTTON
hat,268 TUT S17,Lavander,12/24 m,, $7.0 , $9.00 ,0,Demi-season,Girl,NANO,, COTTON,,Knit hat 100% COTTON
hat,268 TUT S17,Lavander,2/4?,, $7.0 , $9.00 ,8,Demi-season,Girl,NANO,, COTTON,,Knit hat 100% COTTON
hat,268 TUT S17,Lavander,5/6?,, $7.0 , $9.00 ,2,Demi-season,Girl,NANO,, COTTON,,Knit hat 100% COTTON
hat,268 TUT S17,Lavander,7/12,, $7.0 , $9.00 ,4,Demi-season,Girl,NANO,, COTTON,,Knit hat 100% COTTON
hat,255 TUT S17,Navy,12/24 m,, $7.0 , $9.00 ,9,Demi-season,Boy,NANO,, COTTON,,Knit hat 100% COTTON
hat,255 TUT S17,Navy,2/4?,, $7.0 , $9.00 ,19,Demi-season,Boy,NANO,, COTTON,,Knit hat 100% COTTON
hat,255 TUT S17,Navy,5/6?,, $7.0 , $9.00 ,15,Demi-season,Boy,NANO,, COTTON,,Knit hat 100% COTTON
hat,255 TUT S17,Navy,7/12,, $7.0 , $9.00 ,1,Demi-season,Boy,NANO,, COTTON,,Knit hat 100% COTTON
hat,257 TUT S17,Deep Grey,12/24 m,, $7.0 , $9.00 ,10,Demi-season,Boy,NANO,, COTTON,,Knit hat 100% COTTON
hat,257 TUT S17,Deep Grey,2/4?,, $7.0 , $9.00 ,13,Demi-season,Boy,NANO,, COTTON,,Knit hat 100% COTTON
hat,257 TUT S17,Deep Grey,5/6?,, $7.0 , $9.00 ,18,Demi-season,Boy,NANO,, COTTON,,Knit hat 100% COTTON
hat,257 TUT S17,Deep Grey,7/12,, $7.0 , $9.00 ,6,Demi-season,Boy,NANO,, COTTON,,Knit hat 100% COTTON
hat,271 TUT S17,Chili,12/24 m,, $7.0 , $9.00 ,9,Demi-season,Boy,NANO,, COTTON,,Knit hat 100% COTTON
hat,271 TUT S17,Chili,2/4?,, $7.0 , $9.00 ,6,Demi-season,Boy,NANO,, COTTON,,Knit hat 100% COTTON
hat,271 TUT S17,Chili,5/6?,, $7.0 , $9.00 ,22,Demi-season,Boy,NANO,, COTTON,,Knit hat 100% COTTON
hat,271 TUT S17,Chili,7/12,, $7.0 , $9.00 ,6,Demi-season,Boy,NANO,, COTTON,,Knit hat 100% COTTON
hat,283 TUT S17,Classical,12/24 m,, $7.0 , $9.00 ,15,Demi-season,Boy,NANO,, COTTON,,Knit hat 100% COTTON
hat,283 TUT S17,Classical,2/4?,, $7.0 , $9.00 ,21,Demi-season,Boy,NANO,, COTTON,,Knit hat 100% COTTON
hat,283 TUT S17,Classical,5/6?,, $7.0 , $9.00 ,24,Demi-season,Boy,NANO,, COTTON,,Knit hat 100% COTTON
hat,283 TUT S17,Classical,7/12,, $7.0 , $9.00 ,5,Demi-season,Boy,NANO,, COTTON,,Knit hat 100% COTTON
hat,285 TUT S17,Team Red,12/24 m,, $7.0 , $9.00 ,10,Demi-season,Boy,NANO,, COTTON,,Knit hat 100% COTTON
hat,285 TUT S17,Team Red,2/4?,, $7.0 , $9.00 ,20,Demi-season,Boy,NANO,, COTTON,,Knit hat 100% COTTON
hat,285 TUT S17,Team Red,5/6?,, $7.0 , $9.00 ,30,Demi-season,Boy,NANO,, COTTON,,Knit hat 100% COTTON
hat,285 TUT S17,Team Red,7/12,, $7.0 , $9.00 ,6,Demi-season,Boy,NANO,, COTTON,,Knit hat 100% COTTON
hat,200 TUT F16,Dahlia,12/24 m,, $6.0 , $7.50 ,10,Demi-season,Girl,NANO,, COTTON,,Knit hat 100% COTTON
hat,200 TUT F16,Dahlia,2/4?,, $6.0 , $7.50 ,20,Demi-season,Girl,NANO,, COTTON,,Knit hat 100% COTTON
hat,200 TUT F16,Dahlia,5/6?,, $6.0 , $7.50 ,19,Demi-season,Girl,NANO,, COTTON,,Knit hat 100% COTTON
hat,200 TUT F16,Dahlia,7/12,, $6.0 , $7.50 ,19,Demi-season,Girl,NANO,, COTTON,,Knit hat 100% COTTON
hat,200 TUT F16,Ultra Pink,12/24 m,, $6.0 , $7.50 ,10,Demi-season,Girl,NANO,, COTTON,,Knit hat 100% COTTON
hat,200 TUT F16,Ultra Pink,2/4?,, $6.0 , $7.50 ,16,Demi-season,Girl,NANO,, COTTON,,Knit hat 100% COTTON
hat,200 TUT F16,Ultra Pink,5/6?,, $6.0 , $7.50 ,16,Demi-season,Girl,NANO,, COTTON,,Knit hat 100% COTTON
hat,200 TUT F16,Ultra Pink,7/12,, $6.0 , $7.50 ,15,Demi-season,Girl,NANO,, COTTON,,Knit hat 100% COTTON
hat,200 TUT F16,Purple Haze,12/24 m,, $6.0 , $7.50 ,5,Demi-season,unisex,NANO,, COTTON,,Knit hat 100% COTTON
hat,200 TUT F16,Purple Haze,2/4?,, $6.0 , $7.50 ,14,Demi-season,unisex,NANO,, COTTON,,Knit hat 100% COTTON
hat,200 TUT F16,Purple Haze,5/6?,, $6.0 , $7.50 ,15,Demi-season,unisex,NANO,, COTTON,,Knit hat 100% COTTON
hat,200 TUT F16,Purple Haze,7/12,, $6.0 , $7.50 ,14,Demi-season,unisex,NANO,, COTTON,,Knit hat 100% COTTON
hat,202 TUT F16,Bright Coraline,2/4?,, $7.0 , $8.00 ,14,Demi-season,Girl,NANO,, COTTON,,Knit hat 100% COTTON
hat,202 TUT F16,Bright Coraline,5/6?,, $7.0 , $8.00 ,16,Demi-season,Girl,NANO,, COTTON,,Knit hat 100% COTTON
hat,202 TUT F16,Bright Coraline,7/12,, $7.0 , $8.00 ,23,Demi-season,Girl,NANO,, COTTON,,Knit hat 100% COTTON
hat,202 TUT F16,Purple Haze,2/4?,, $7.0 , $8.00 ,16,Demi-season,Girl,NANO,, COTTON,,Knit hat 100% COTTON
hat,202 TUT F16,Purple Haze,5/6?,, $7.0 , $8.00 ,12,Demi-season,Girl,NANO,, COTTON,,Knit hat 100% COTTON
hat,202 TUT F16,Purple Haze,7/12,, $7.0 , $8.00 ,22,Demi-season,Girl,NANO,, COTTON,,Knit hat 100% COTTON
hat,200 TUT F16,Navy,12/24 m,, $6.0 , $7.50 ,9,Demi-season,unisex,NANO,, COTTON,,Knit hat 100% COTTON
hat,200 TUT F16,Navy,2/4?,, $6.0 , $7.50 ,18,Demi-season,unisex,NANO,, COTTON,,Knit hat 100% COTTON
hat,200 TUT F16,Navy,5/6?,, $6.0 , $7.50 ,17,Demi-season,unisex,NANO,, COTTON,,Knit hat 100% COTTON
hat,200 TUT F16,Navy,7/12,, $6.0 , $7.50 ,16,Demi-season,unisex,NANO,, COTTON,,Knit hat 100% COTTON
hat,200 TUT F16,Black,12/24 m,, $6.0 , $7.50 ,0,Demi-season,unisex,NANO,, COTTON,,Knit hat 100% COTTON
hat,200 TUT F16,Black,2/4?,, $6.0 , $7.50 ,10,Demi-season,unisex,NANO,, COTTON,,Knit hat 100% COTTON
hat,200 TUT F16,Black,5/6?,, $6.0 , $7.50 ,13,Demi-season,unisex,NANO,, COTTON,,Knit hat 100% COTTON
hat,200 TUT F16,Black,7/12,, $6.0 , $7.50 ,17,Demi-season,unisex,NANO,, COTTON,,Knit hat 100% COTTON
hat,200 TUT F16,Gray mix,12/24 m,, $6.0 , $7.50 ,10,Demi-season,unisex,NANO,, COTTON,,Knit hat 100% COTTON
hat,200 TUT F16,Gray mix,2/4?,, $6.0 , $7.50 ,13,Demi-season,unisex,NANO,, COTTON,,Knit hat 100% COTTON
hat,200 TUT F16,Gray mix,5/6?,, $6.0 , $7.50 ,10,Demi-season,unisex,NANO,, COTTON,,Knit hat 100% COTTON
hat,200 TUT F16,Gray mix,7/12,, $6.0 , $7.50 ,10,Demi-season,unisex,NANO,, COTTON,,Knit hat 100% COTTON
hat,202 TUT F16,Navy,2/4?,, $7.0 , $8.00 ,17,Demi-season,Boy,NANO,, COTTON,,Knit hat 100% COTTON
hat,202 TUT F16,Navy,5/6?,, $7.0 , $8.00 ,14,Demi-season,Boy,NANO,, COTTON,,Knit hat 100% COTTON
hat,202 TUT F16,Navy,7/12,, $7.0 , $8.00 ,23,Demi-season,Boy,NANO,, COTTON,,Knit hat 100% COTTON
hat,202 TUT F16,Dark Water,2/4?,, $7.0 , $8.00 ,16,Demi-season,Boy,NANO,, COTTON,,Knit hat 100% COTTON
hat,202 TUT F16,Dark Water,5/6?,, $7.0 , $8.00 ,14,Demi-season,Boy,NANO,, COTTON,,Knit hat 100% COTTON
hat,202 TUT F16,Dark Water,7/12,, $7.0 , $8.00 ,21,Demi-season,Boy,NANO,, COTTON,,Knit hat 100% COTTON
hat,202 TUT F16,Glacier Gray,2/4?,, $7.0 , $8.00 ,13,Demi-season,Boy,NANO,, COTTON,,Knit hat 100% COTTON
hat,202 TUT F16,Glacier Gray,5/6?,, $7.0 , $8.00 ,13,Demi-season,Boy,NANO,, COTTON,,Knit hat 100% COTTON
hat,202 TUT F16,Glacier Gray,7/12,, $7.0 , $8.00 ,18,Demi-season,Boy,NANO,, COTTON,,Knit hat 100% COTTON
hat,200 TU F14,Light Flamingo,12/24 m,, $6.0 , $7.50 ,0,Demi-season,Girl,NANO,, COTTON,,Knit hat 100% COTTON
hat,200 TU F14,Light Flamingo,2/4?,, $6.0 , $7.50 ,6,Demi-season,Girl,NANO,, COTTON,,Knit hat 100% COTTON
hat,200 TU F14,Light Flamingo,5/6?,, $6.0 , $7.50 ,9,Demi-season,Girl,NANO,, COTTON,,Knit hat 100% COTTON
hat,200 TU F14,Light Flamingo,7/12,, $6.0 , $7.50 ,0,Demi-season,Girl,NANO,, COTTON,,Knit hat 100% COTTON
hat,200 TU F14,Very Berry,12/24 m,, $6.0 , $7.50 ,0,Demi-season,Girl,NANO,, COTTON,,Knit hat 100% COTTON
hat,200 TU F14,Very Berry,2/4?,, $6.0 , $7.50 ,3,Demi-season,Girl,NANO,, COTTON,,Knit hat 100% COTTON
hat,200 TU F14,Very Berry,5/6?,, $6.0 , $7.50 ,1,Demi-season,Girl,NANO,, COTTON,,Knit hat 100% COTTON
hat,200 TU F14,Very Berry,7/12,, $6.0 , $7.50 ,0,Demi-season,Girl,NANO,, COTTON,,Knit hat 100% COTTON
hat,200 TU F14,Virtual Pink,12/24 m,, $6.0 , $7.50 ,1,Demi-season,Girl,NANO,, COTTON,,Knit hat 100% COTTON
hat,200 TU F14,Virtual Pink,2/4?,, $6.0 , $7.50 ,4,Demi-season,Girl,NANO,, COTTON,,Knit hat 100% COTTON
hat,200 TU F14,Virtual Pink,5/6?,, $6.0 , $7.50 ,0,Demi-season,Girl,NANO,, COTTON,,Knit hat 100% COTTON
hat,200 TU F14,Virtual Pink,7/12,, $6.0 , $7.50 ,0,Demi-season,Girl,NANO,, COTTON,,Knit hat 100% COTTON
hat,200 TU F14,Blue,12/24 m,, $6.0 , $7.50 ,0,Demi-season,unisex,NANO,, COTTON,,Knit hat 100% COTTON
hat,200 TU F14,Blue,2/4?,, $6.0 , $7.50 ,0,Demi-season,unisex,NANO,, COTTON,,Knit hat 100% COTTON
hat,200 TU F14,Blue,5/6?,, $6.0 , $7.50 ,0,Demi-season,unisex,NANO,, COTTON,,Knit hat 100% COTTON
hat,200 TU F14,Blue,7/12,, $6.0 , $7.50 ,0,Demi-season,unisex,NANO,, COTTON,,Knit hat 100% COTTON
hat,200 TU F14,Black,12/24 m,, $6.0 , $7.50 ,0,Demi-season,unisex,NANO,, COTTON,,Knit hat 100% COTTON
hat,200 TU F14,Black,2/4?,, $6.0 , $7.50 ,3,Demi-season,unisex,NANO,, COTTON,,Knit hat 100% COTTON
hat,200 TU F14,Black,5/6?,, $6.0 , $7.50 ,2,Demi-season,unisex,NANO,, COTTON,,Knit hat 100% COTTON
hat,200 TU F14,Black,7/12,, $6.0 , $7.50 ,1,Demi-season,unisex,NANO,, COTTON,,Knit hat 100% COTTON
hat,200 TU F14,Orange,12/24 m,, $6.0 , $7.50 ,2,Demi-season,unisex,NANO,, COTTON,,Knit hat 100% COTTON
hat,200 TU F14,Orange,2/4?,, $6.0 , $7.50 ,0,Demi-season,unisex,NANO,, COTTON,,Knit hat 100% COTTON
hat,200 TU F14,Orange,5/6?,, $6.0 , $7.50 ,0,Demi-season,unisex,NANO,, COTTON,,Knit hat 100% COTTON
hat,200 TU F14,Orange,7/12,, $6.0 , $7.50 ,0,Demi-season,unisex,NANO,, COTTON,,Knit hat 100% COTTON
hat,200 TU F14,Neon Green,12/24 m,, $6.0 , $7.50 ,1,Demi-season,unisex,NANO,, COTTON,,Knit hat 100% COTTON
hat,200 TU F14,Neon Green,2/4?,, $6.0 , $7.50 ,0,Demi-season,unisex,NANO,, COTTON,,Knit hat 100% COTTON
hat,200 TU F14,Neon Green,5/6?,, $6.0 , $7.50 ,0,Demi-season,unisex,NANO,, COTTON,,Knit hat 100% COTTON
hat,200 TU F14,Neon Green,7/12,, $6.0 , $7.50 ,0,Demi-season,unisex,NANO,, COTTON,,Knit hat 100% COTTON
hat,200 TU F14,Grey,12/24 m,, $6.0 , $7.50 ,0,Demi-season,unisex,NANO,, COTTON,,Knit hat 100% COTTON
hat,200 TU F14,Grey,2/4?,, $6.0 , $7.50 ,0,Demi-season,unisex,NANO,, COTTON,,Knit hat 100% COTTON
hat,200 TU F14,Grey,5/6?,, $6.0 , $7.50 ,0,Demi-season,unisex,NANO,, COTTON,,Knit hat 100% COTTON
hat,200 TU F14,Grey,7/12,, $6.0 , $7.50 ,0,Demi-season,unisex,NANO,, COTTON,,Knit hat 100% COTTON
hat,200 TU F14,Navy,12/24 m,, $6.0 , $7.50 ,1,Demi-season,unisex,NANO,, COTTON,,Knit hat 100% COTTON
hat,200 TU F14,Navy,2/4?,, $6.0 , $7.50 ,0,Demi-season,unisex,NANO,, COTTON,,Knit hat 100% COTTON
hat,200 TU F14,Navy,5/6?,, $6.0 , $7.50 ,0,Demi-season,unisex,NANO,, COTTON,,Knit hat 100% COTTON
hat,200 TU F14,Navy,7/12,, $6.0 , $7.50 ,0,Demi-season,unisex,NANO,, COTTON,,Knit hat 100% COTTON
