Demi-season one-piece set,111 m S17,Frost Grey,1m,44-62 cm, $35.00 , $45.00 ,0,Demi-season,Boy, Peluche&tartine ,0-15,fleece,,Demi-season one-piece set on fleece. Waterproof 1000 mm.
Demi-season one-piece set,111 m S17,Frost Grey,3m,50-68 cm, $35.00 , $45.00 ,2,Demi-season,Boy, Peluche&tartine ,0-15,fleece,,Demi-season one-piece set on fleece. Waterproof 1000 mm.
Demi-season one-piece set,111 m S17,Frost Grey,6m,62-74 cm, $35.00 , $45.00 ,1,Demi-season,Boy, Peluche&tartine ,0-15,fleece,,Demi-season one-piece set on fleece. Waterproof 1000 mm.
Demi-season one-piece set,111 m S17,Frost Grey,9m,68-80 cm, $35.00 , $45.00 ,0,Demi-season,Boy, Peluche&tartine ,0-15,fleece,,Demi-season one-piece set on fleece. Waterproof 1000 mm.
Demi-season one-piece set,111 m S17,Frost Grey,12m,74-86 cm, $35.00 , $45.00 ,8,Demi-season,Boy, Peluche&tartine ,0-15,fleece,,Demi-season one-piece set on fleece. Waterproof 1000 mm.
Demi-season one-piece set,111 m S17,Heaven,1m,44-62 cm, $35.00 , $45.00 ,0,Demi-season,Boy, Peluche&tartine ,0-15,fleece,,Demi-season one-piece set on fleece. Waterproof 1000 mm.
Demi-season one-piece set,111 m S17,Heaven,3m,50-68 cm, $35.00 , $45.00 ,1,Demi-season,Boy, Peluche&tartine ,0-15,fleece,,Demi-season one-piece set on fleece. Waterproof 1000 mm.
Demi-season one-piece set,111 m S17,Heaven,6m,62-74 cm, $35.00 , $45.00 ,0,Demi-season,Boy, Peluche&tartine ,0-15,fleece,,Demi-season one-piece set on fleece. Waterproof 1000 mm.
Demi-season one-piece set,111 m S17,Heaven,9m,68-80 cm, $35.00 , $45.00 ,3,Demi-season,Boy, Peluche&tartine ,0-15,fleece,,Demi-season one-piece set on fleece. Waterproof 1000 mm.
Demi-season one-piece set,111 m S17,Heaven,12m,74-86 cm, $35.00 , $45.00 ,0,Demi-season,Boy, Peluche&tartine ,0-15,fleece,,Demi-season one-piece set on fleece. Waterproof 1000 mm.
Demi-season one-piece set,106 m S17 ,Frost Grey,1m,44-62 cm, $35.00 , $45.00 ,0,Demi-season,Girl, Peluche&tartine ,0-15,fleece,,Demi-season one-piece set on fleece. Waterproof 1000 mm.
Demi-season one-piece set,106 m S17 ,Frost Grey,3m,50-68 cm, $35.00 , $45.00 ,0,Demi-season,Girl, Peluche&tartine ,0-15,fleece,,Demi-season one-piece set on fleece. Waterproof 1000 mm.
Demi-season one-piece set,106 m S17 ,Frost Grey,6m,62-74 cm, $35.00 , $45.00 ,0,Demi-season,Girl, Peluche&tartine ,0-15,fleece,,Demi-season one-piece set on fleece. Waterproof 1000 mm.
Demi-season one-piece set,106 m S17 ,Frost Grey,9m,68-80 cm, $35.00 , $45.00 ,0,Demi-season,Girl, Peluche&tartine ,0-15,fleece,,Demi-season one-piece set on fleece. Waterproof 1000 mm.
Demi-season one-piece set,106 m S17 ,Frost Grey,12m,74-86 cm, $35.00 , $45.00 ,0,Demi-season,Girl, Peluche&tartine ,0-15,fleece,,Demi-season one-piece set on fleece. Waterproof 1000 mm.
Demi-season one-piece set,106 m S17 ,Pop Viola,1m,44-62 cm, $35.00 , $45.00 ,2,Demi-season,Girl, Peluche&tartine ,0-15,fleece,,Demi-season one-piece set on fleece. Waterproof 1000 mm.
Demi-season one-piece set,106 m S17 ,Pop Viola,3m,50-68 cm, $35.00 , $45.00 ,1,Demi-season,Girl, Peluche&tartine ,0-15,fleece,,Demi-season one-piece set on fleece. Waterproof 1000 mm.
Demi-season one-piece set,106 m S17 ,Pop Viola,6m,62-74 cm, $35.00 , $45.00 ,1,Demi-season,Girl, Peluche&tartine ,0-15,fleece,,Demi-season one-piece set on fleece. Waterproof 1000 mm.
Demi-season one-piece set,106 m S17 ,Pop Viola,9m,68-80 cm, $35.00 , $45.00 ,0,Demi-season,Girl, Peluche&tartine ,0-15,fleece,,Demi-season one-piece set on fleece. Waterproof 1000 mm.
Demi-season one-piece set,106 m S17 ,Pop Viola,12m,74-86 cm, $35.00 , $45.00 ,0,Demi-season,Girl, Peluche&tartine ,0-15,fleece,,Demi-season one-piece set on fleece. Waterproof 1000 mm.
Demi-season set,11 m S17 ,Frost Grey,6m,68-74 cm, $42.00 , $52.50 ,0,Demi-season,Boy, Peluche&tartine ,0-15,65 % POLYESTER,35% COTTON,Demi-season 2 piece set. Jacket on fleece + Pants( lining JERSEY 65% polyester 35% cotton. Waterproof 1000 mm.
Demi-season set,11 m S17 ,Frost Grey,9m,74-80 cm, $42.00 , $52.50 ,3,Demi-season,Boy, Peluche&tartine ,0-15,65 % POLYESTER,35% COTTON,Demi-season 2 piece set. Jacket on fleece + Pants( lining JERSEY 65% polyester 35% cotton. Waterproof 1000 mm.
Demi-season set,11 m S17 ,Frost Grey,12m,80-86 cm, $42.00 , $52.50 ,1,Demi-season,Boy, Peluche&tartine ,0-15,65 % POLYESTER,35% COTTON,Demi-season 2 piece set. Jacket on fleece + Pants( lining JERSEY 65% polyester 35% cotton. Waterproof 1000 mm.
Demi-season set,11 m S17 ,Frost Grey,18m,86-92 cm, $42.00 , $52.50 ,4,Demi-season,Boy, Peluche&tartine ,0-15,65 % POLYESTER,35% COTTON,Demi-season 2 piece set. Jacket on fleece + Pants( lining JERSEY 65% polyester 35% cotton. Waterproof 1000 mm.
Demi-season set,11 m S17 ,Frost Grey,24m,90-96 cm, $42.00 , $52.50 ,4,Demi-season,Boy, Peluche&tartine ,0-15,65 % POLYESTER,35% COTTON,Demi-season 2 piece set. Jacket on fleece + Pants( lining JERSEY 65% polyester 35% cotton. Waterproof 1000 mm.
Demi-season set,11 m S17 ,Frost Grey,2,94-100 cm, $42.00 , $52.50 ,4,Demi-season,Boy, Peluche&tartine ,0-15,65 % POLYESTER,35% COTTON,Demi-season 2 piece set. Jacket on fleece + Pants( lining JERSEY 65% polyester 35% cotton. Waterproof 1000 mm.
Demi-season set,11 m S17 ,Frost Grey,3,100-106 cm, $42.00 , $52.50 ,10,Demi-season,Boy, Peluche&tartine ,0-15,65 % POLYESTER,35% COTTON,Demi-season 2 piece set. Jacket on fleece + Pants( lining JERSEY 65% polyester 35% cotton. Waterproof 1000 mm.
Demi-season set,11 m S17 ,Heaven,6m,68-74 cm, $42.00 , $52.50 ,2,Demi-season,Boy, Peluche&tartine ,0-15,65 % POLYESTER,35% COTTON,Demi-season 2 piece set. Jacket on fleece + Pants( lining JERSEY 65% polyester 35% cotton. Waterproof 1000 mm.
Demi-season set,11 m S17 ,Heaven,9m,74-80 cm, $42.00 , $52.50 ,1,Demi-season,Boy, Peluche&tartine ,0-15,65 % POLYESTER,35% COTTON,Demi-season 2 piece set. Jacket on fleece + Pants( lining JERSEY 65% polyester 35% cotton. Waterproof 1000 mm.
Demi-season set,11 m S17 ,Heaven,12m,80-86 cm, $42.00 , $52.50 ,0,Demi-season,Boy, Peluche&tartine ,0-15,65 % POLYESTER,35% COTTON,Demi-season 2 piece set. Jacket on fleece + Pants( lining JERSEY 65% polyester 35% cotton. Waterproof 1000 mm.
Demi-season set,11 m S17 ,Heaven,18m,86-92 cm, $42.00 , $52.50 ,2,Demi-season,Boy, Peluche&tartine ,0-15,65 % POLYESTER,35% COTTON,Demi-season 2 piece set. Jacket on fleece + Pants( lining JERSEY 65% polyester 35% cotton. Waterproof 1000 mm.
Demi-season set,11 m S17 ,Heaven,24m,90-96 cm, $42.00 , $52.50 ,0,Demi-season,Boy, Peluche&tartine ,0-15,65 % POLYESTER,35% COTTON,Demi-season 2 piece set. Jacket on fleece + Pants( lining JERSEY 65% polyester 35% cotton. Waterproof 1000 mm.
Demi-season set,11 m S17 ,Heaven,2,94-100 cm, $42.00 , $52.50 ,2,Demi-season,Boy, Peluche&tartine ,0-15,65 % POLYESTER,35% COTTON,Demi-season 2 piece set. Jacket on fleece + Pants( lining JERSEY 65% polyester 35% cotton. Waterproof 1000 mm.
Demi-season set,11 m S17 ,Heaven,3,100-106 cm, $42.00 , $52.50 ,0,Demi-season,Boy, Peluche&tartine ,0-15,65 % POLYESTER,35% COTTON,Demi-season 2 piece set. Jacket on fleece + Pants( lining JERSEY 65% polyester 35% cotton. Waterproof 1000 mm.
Demi-season set,06 m S17 ,Frost Grey,6m,68-74 cm, $42.00 , $52.50 ,0,Demi-season,Girl, Peluche&tartine ,0-15,65 % POLYESTER,35% COTTON,Demi-season 2 piece set. Jacket on fleece + Pants( lining JERSEY 65% polyester 35% cotton. Waterproof 1000 mm.
Demi-season set,06 m S17 ,Frost Grey,9m,74-80 cm, $42.00 , $52.50 ,0,Demi-season,Girl, Peluche&tartine ,0-15,65 % POLYESTER,35% COTTON,Demi-season 2 piece set. Jacket on fleece + Pants( lining JERSEY 65% polyester 35% cotton. Waterproof 1000 mm.
Demi-season set,06 m S17 ,Frost Grey,12m,80-86 cm, $42.00 , $52.50 ,1,Demi-season,Girl, Peluche&tartine ,0-15,65 % POLYESTER,35% COTTON,Demi-season 2 piece set. Jacket on fleece + Pants( lining JERSEY 65% polyester 35% cotton. Waterproof 1000 mm.
Demi-season set,06 m S17 ,Frost Grey,18m,86-92 cm, $42.00 , $52.50 ,0,Demi-season,Girl, Peluche&tartine ,0-15,65 % POLYESTER,35% COTTON,Demi-season 2 piece set. Jacket on fleece + Pants( lining JERSEY 65% polyester 35% cotton. Waterproof 1000 mm.
Demi-season set,06 m S17 ,Frost Grey,24m,90-96 cm, $42.00 , $52.50 ,3,Demi-season,Girl, Peluche&tartine ,0-15,65 % POLYESTER,35% COTTON,Demi-season 2 piece set. Jacket on fleece + Pants( lining JERSEY 65% polyester 35% cotton. Waterproof 1000 mm.
Demi-season set,06 m S17 ,Frost Grey,2,94-100 cm, $42.00 , $52.50 ,0,Demi-season,Girl, Peluche&tartine ,0-15,65 % POLYESTER,35% COTTON,Demi-season 2 piece set. Jacket on fleece + Pants( lining JERSEY 65% polyester 35% cotton. Waterproof 1000 mm.
Demi-season set,06 m S17 ,Frost Grey,3,100-106 cm, $42.00 , $52.50 ,2,Demi-season,Girl, Peluche&tartine ,0-15,65 % POLYESTER,35% COTTON,Demi-season 2 piece set. Jacket on fleece + Pants( lining JERSEY 65% polyester 35% cotton. Waterproof 1000 mm.
Demi-season set,06 m S17 ,Pop Viola,6m,68-74 cm, $40.00 , $50.00 ,0,Demi-season,Girl, Peluche&tartine ,0-15,65 % POLYESTER,35% COTTON,Demi-season 2 piece set. Jacket on fleece + Pants( lining JERSEY 65% polyester 35% cotton. Waterproof 1000 mm.
Demi-season set,06 m S17 ,Pop Viola,9m,74-80 cm, $40.00 , $50.00 ,1,Demi-season,Girl, Peluche&tartine ,0-15,65 % POLYESTER,35% COTTON,Demi-season 2 piece set. Jacket on fleece + Pants( lining JERSEY 65% polyester 35% cotton. Waterproof 1000 mm.
Demi-season set,06 m S17 ,Pop Viola,12m,80-86 cm, $40.00 , $50.00 ,3,Demi-season,Girl, Peluche&tartine ,0-15,65 % POLYESTER,35% COTTON,Demi-season 2 piece set. Jacket on fleece + Pants( lining JERSEY 65% polyester 35% cotton. Waterproof 1000 mm.
Demi-season set,06 m S17 ,Pop Viola,18m,86-92 cm, $40.00 , $50.00 ,0,Demi-season,Girl, Peluche&tartine ,0-15,65 % POLYESTER,35% COTTON,Demi-season 2 piece set. Jacket on fleece + Pants( lining JERSEY 65% polyester 35% cotton. Waterproof 1000 mm.
Demi-season set,06 m S17 ,Pop Viola,24m,90-96 cm, $40.00 , $50.00 ,0,Demi-season,Girl, Peluche&tartine ,0-15,65 % POLYESTER,35% COTTON,Demi-season 2 piece set. Jacket on fleece + Pants( lining JERSEY 65% polyester 35% cotton. Waterproof 1000 mm.
Demi-season set,06 m S17 ,Pop Viola,2,94-100 cm, $40.00 , $50.00 ,3,Demi-season,Girl, Peluche&tartine ,0-15,65 % POLYESTER,35% COTTON,Demi-season 2 piece set. Jacket on fleece + Pants( lining JERSEY 65% polyester 35% cotton. Waterproof 1000 mm.
Demi-season set,06 m S17 ,Pop Viola,3,100-106 cm, $40.00 , $50.00 ,0,Demi-season,Girl, Peluche&tartine ,0-15,65 % POLYESTER,35% COTTON,Demi-season 2 piece set. Jacket on fleece + Pants( lining JERSEY 65% polyester 35% cotton. Waterproof 1000 mm.
Demi-season set,53 m S17 ,Sunset,3,96-104 cm, $52.00 , $65.00 ,0,Demi-season,Boy, Peluche&tartine ,0-15,65 % POLYESTER,35% COTTON,Demi-season 2 piece set. Jacket on fleece + Pants( lining JERSEY 65% polyester 35% cotton. Waterproof 1000 mm.
Demi-season set,53 m S17 ,Sunset,4,104-112 cm, $52.00 , $65.00 ,0,Demi-season,Boy, Peluche&tartine ,0-15,65 % POLYESTER,35% COTTON,Demi-season 2 piece set. Jacket on fleece + Pants( lining JERSEY 65% polyester 35% cotton. Waterproof 1000 mm.
Demi-season set,53 m S17 ,Sunset,5,110-116 cm, $52.00 , $65.00 ,0,Demi-season,Boy, Peluche&tartine ,0-15,65 % POLYESTER,35% COTTON,Demi-season 2 piece set. Jacket on fleece + Pants( lining JERSEY 65% polyester 35% cotton. Waterproof 1000 mm.
Demi-season set,53 m S17 ,Sunset,6,116-122 cm, $52.00 , $65.00 ,5,Demi-season,Boy, Peluche&tartine ,0-15,65 % POLYESTER,35% COTTON,Demi-season 2 piece set. Jacket on fleece + Pants( lining JERSEY 65% polyester 35% cotton. Waterproof 1000 mm.
Demi-season set,53 m S17 ,Sunset,7,122-128 cm, $52.00 , $65.00 ,0,Demi-season,Boy, Peluche&tartine ,0-15,65 % POLYESTER,35% COTTON,Demi-season 2 piece set. Jacket on fleece + Pants( lining JERSEY 65% polyester 35% cotton. Waterproof 1000 mm.
Demi-season set,53 m S17 ,Sunset,8,128-134 cm, $52.00 , $65.00 ,0,Demi-season,Boy, Peluche&tartine ,0-15,65 % POLYESTER,35% COTTON,Demi-season 2 piece set. Jacket on fleece + Pants( lining JERSEY 65% polyester 35% cotton. Waterproof 1000 mm.
Demi-season set,53 m S17 ,Heaven,3,96-104 cm, $52.00 , $65.00 ,0,Demi-season,Boy, Peluche&tartine ,0-15,65 % POLYESTER,35% COTTON,Demi-season 2 piece set. Jacket on fleece + Pants( lining JERSEY 65% polyester 35% cotton. Waterproof 1000 mm.
Demi-season set,53 m S17 ,Heaven,4,104-112 cm, $52.00 , $65.00 ,0,Demi-season,Boy, Peluche&tartine ,0-15,65 % POLYESTER,35% COTTON,Demi-season 2 piece set. Jacket on fleece + Pants( lining JERSEY 65% polyester 35% cotton. Waterproof 1000 mm.
Demi-season set,53 m S17 ,Heaven,5,110-116 cm, $52.00 , $65.00 ,0,Demi-season,Boy, Peluche&tartine ,0-15,65 % POLYESTER,35% COTTON,Demi-season 2 piece set. Jacket on fleece + Pants( lining JERSEY 65% polyester 35% cotton. Waterproof 1000 mm.
Demi-season set,53 m S17 ,Heaven,6,116-122 cm, $52.00 , $65.00 ,0,Demi-season,Boy, Peluche&tartine ,0-15,65 % POLYESTER,35% COTTON,Demi-season 2 piece set. Jacket on fleece + Pants( lining JERSEY 65% polyester 35% cotton. Waterproof 1000 mm.
Demi-season set,53 m S17 ,Heaven,7,122-128 cm, $52.00 , $65.00 ,0,Demi-season,Boy, Peluche&tartine ,0-15,65 % POLYESTER,35% COTTON,Demi-season 2 piece set. Jacket on fleece + Pants( lining JERSEY 65% polyester 35% cotton. Waterproof 1000 mm.
Demi-season set,53 m S17 ,Heaven,8,128-134 cm, $52.00 , $65.00 ,0,Demi-season,Boy, Peluche&tartine ,0-15,65 % POLYESTER,35% COTTON,Demi-season 2 piece set. Jacket on fleece + Pants( lining JERSEY 65% polyester 35% cotton. Waterproof 1000 mm.
Demi-season set,65 m S17 ,Dk Denim,3,96-104 cm, $52.00 , $65.00 ,0,Demi-season,Boy, Peluche&tartine ,0-15,65 % POLYESTER,35% COTTON,Demi-season 2 piece set. Jacket on fleece + Pants( lining JERSEY 65% polyester 35% cotton. Waterproof 1000 mm.
Demi-season set,65 m S17 ,Dk Denim,4,104-112 cm, $52.00 , $65.00 ,0,Demi-season,Boy, Peluche&tartine ,0-15,65 % POLYESTER,35% COTTON,Demi-season 2 piece set. Jacket on fleece + Pants( lining JERSEY 65% polyester 35% cotton. Waterproof 1000 mm.
Demi-season set,65 m S17 ,Dk Denim,5,110-116 cm, $52.00 , $65.00 ,0,Demi-season,Boy, Peluche&tartine ,0-15,65 % POLYESTER,35% COTTON,Demi-season 2 piece set. Jacket on fleece + Pants( lining JERSEY 65% polyester 35% cotton. Waterproof 1000 mm.
Demi-season set,65 m S17 ,Dk Denim,6,116-122 cm, $52.00 , $65.00 ,6,Demi-season,Boy, Peluche&tartine ,0-15,65 % POLYESTER,35% COTTON,Demi-season 2 piece set. Jacket on fleece + Pants( lining JERSEY 65% polyester 35% cotton. Waterproof 1000 mm.
Demi-season set,65 m S17 ,Dk Denim,7,122-128 cm, $52.00 , $65.00 ,0,Demi-season,Boy, Peluche&tartine ,0-15,65 % POLYESTER,35% COTTON,Demi-season 2 piece set. Jacket on fleece + Pants( lining JERSEY 65% polyester 35% cotton. Waterproof 1000 mm.
Demi-season set,65 m S17 ,Dk Denim,8,128-134 cm, $52.00 , $65.00 ,0,Demi-season,Boy, Peluche&tartine ,0-15,65 % POLYESTER,35% COTTON,Demi-season 2 piece set. Jacket on fleece + Pants( lining JERSEY 65% polyester 35% cotton. Waterproof 1000 mm.
Demi-season set,65 m S17 ,Chili,3,96-104 cm, $52.00 , $65.00 ,3,Demi-season,Boy, Peluche&tartine ,0-15,65 % POLYESTER,35% COTTON,Demi-season 2 piece set. Jacket on fleece + Pants( lining JERSEY 65% polyester 35% cotton. Waterproof 1000 mm.
Demi-season set,65 m S17 ,Chili,4,104-112 cm, $52.00 , $65.00 ,0,Demi-season,Boy, Peluche&tartine ,0-15,65 % POLYESTER,35% COTTON,Demi-season 2 piece set. Jacket on fleece + Pants( lining JERSEY 65% polyester 35% cotton. Waterproof 1000 mm.
Demi-season set,65 m S17 ,Chili,5,110-116 cm, $52.00 , $65.00 ,2,Demi-season,Boy, Peluche&tartine ,0-15,65 % POLYESTER,35% COTTON,Demi-season 2 piece set. Jacket on fleece + Pants( lining JERSEY 65% polyester 35% cotton. Waterproof 1000 mm.
Demi-season set,65 m S17 ,Chili,6,116-122 cm, $52.00 , $65.00 ,2,Demi-season,Boy, Peluche&tartine ,0-15,65 % POLYESTER,35% COTTON,Demi-season 2 piece set. Jacket on fleece + Pants( lining JERSEY 65% polyester 35% cotton. Waterproof 1000 mm.
Demi-season set,65 m S17 ,Chili,7,122-128 cm, $52.00 , $65.00 ,9,Demi-season,Boy, Peluche&tartine ,0-15,65 % POLYESTER,35% COTTON,Demi-season 2 piece set. Jacket on fleece + Pants( lining JERSEY 65% polyester 35% cotton. Waterproof 1000 mm.
Demi-season set,65 m S17 ,Chili,8,128-134 cm, $52.00 , $65.00 ,0,Demi-season,Boy, Peluche&tartine ,0-15,65 % POLYESTER,35% COTTON,Demi-season 2 piece set. Jacket on fleece + Pants( lining JERSEY 65% polyester 35% cotton. Waterproof 1000 mm.
Demi-season set,68 m S17 ,mauve,3,96-104 cm, $52.00 , $65.00 ,0,Demi-season,Girl, Peluche&tartine ,0-15,65 % POLYESTER,35% COTTON,Demi-season 2 piece set. Jacket on fleece + Pants( lining JERSEY 65% polyester 35% cotton. Waterproof 1000 mm.
Demi-season set,68 m S17 ,mauve,4,104-112 cm, $52.00 , $65.00 ,0,Demi-season,Girl, Peluche&tartine ,0-15,65 % POLYESTER,35% COTTON,Demi-season 2 piece set. Jacket on fleece + Pants( lining JERSEY 65% polyester 35% cotton. Waterproof 1000 mm.
Demi-season set,68 m S17 ,mauve,5,110-116 cm, $52.00 , $65.00 ,3,Demi-season,Girl, Peluche&tartine ,0-15,65 % POLYESTER,35% COTTON,Demi-season 2 piece set. Jacket on fleece + Pants( lining JERSEY 65% polyester 35% cotton. Waterproof 1000 mm.
Demi-season set,68 m S17 ,mauve,6,116-122 cm, $52.00 , $65.00 ,0,Demi-season,Girl, Peluche&tartine ,0-15,65 % POLYESTER,35% COTTON,Demi-season 2 piece set. Jacket on fleece + Pants( lining JERSEY 65% polyester 35% cotton. Waterproof 1000 mm.
Demi-season set,68 m S17 ,mauve,7,122-128 cm, $52.00 , $65.00 ,0,Demi-season,Girl, Peluche&tartine ,0-15,65 % POLYESTER,35% COTTON,Demi-season 2 piece set. Jacket on fleece + Pants( lining JERSEY 65% polyester 35% cotton. Waterproof 1000 mm.
Demi-season set,68 m S17 ,mauve,8,128-134 cm, $52.00 , $65.00 ,0,Demi-season,Girl, Peluche&tartine ,0-15,65 % POLYESTER,35% COTTON,Demi-season 2 piece set. Jacket on fleece + Pants( lining JERSEY 65% polyester 35% cotton. Waterproof 1000 mm.
Demi-season set,68 m S17 ,Scarlet,3,96-104 cm, $52.00 , $65.00 ,0,Demi-season,Girl, Peluche&tartine ,0-15,65 % POLYESTER,35% COTTON,Demi-season 2 piece set. Jacket on fleece + Pants( lining JERSEY 65% polyester 35% cotton. Waterproof 1000 mm.
Demi-season set,68 m S17 ,Scarlet,4,104-112 cm, $52.00 , $65.00 ,4,Demi-season,Girl, Peluche&tartine ,0-15,65 % POLYESTER,35% COTTON,Demi-season 2 piece set. Jacket on fleece + Pants( lining JERSEY 65% polyester 35% cotton. Waterproof 1000 mm.
Demi-season set,68 m S17 ,Scarlet,5,110-116 cm, $52.00 , $65.00 ,0,Demi-season,Girl, Peluche&tartine ,0-15,65 % POLYESTER,35% COTTON,Demi-season 2 piece set. Jacket on fleece + Pants( lining JERSEY 65% polyester 35% cotton. Waterproof 1000 mm.
Demi-season set,68 m S17 ,Scarlet,6,116-122 cm, $52.00 , $65.00 ,0,Demi-season,Girl, Peluche&tartine ,0-15,65 % POLYESTER,35% COTTON,Demi-season 2 piece set. Jacket on fleece + Pants( lining JERSEY 65% polyester 35% cotton. Waterproof 1000 mm.
Demi-season set,68 m S17 ,Scarlet,7,122-128 cm, $52.00 , $65.00 ,0,Demi-season,Girl, Peluche&tartine ,0-15,65 % POLYESTER,35% COTTON,Demi-season 2 piece set. Jacket on fleece + Pants( lining JERSEY 65% polyester 35% cotton. Waterproof 1000 mm.
Demi-season set,68 m S17 ,Scarlet,8,128-134 cm, $52.00 , $65.00 ,0,Demi-season,Girl, Peluche&tartine ,0-15,65 % POLYESTER,35% COTTON,Demi-season 2 piece set. Jacket on fleece + Pants( lining JERSEY 65% polyester 35% cotton. Waterproof 1000 mm.
Demi-season set,72 m S17 ,Virtual Pink,3,96-104 cm, $52.00 , $65.00 ,0,Demi-season,Girl, Peluche&tartine ,0-15,65 % POLYESTER,35% COTTON,Demi-season 2 piece set. Jacket on fleece + Pants( lining JERSEY 65% polyester 35% cotton. Waterproof 1000 mm.
Demi-season set,72 m S17 ,Virtual Pink,4,104-112 cm, $52.00 , $65.00 ,1,Demi-season,Girl, Peluche&tartine ,0-15,65 % POLYESTER,35% COTTON,Demi-season 2 piece set. Jacket on fleece + Pants( lining JERSEY 65% polyester 35% cotton. Waterproof 1000 mm.
Demi-season set,72 m S17 ,Virtual Pink,5,110-116 cm, $52.00 , $65.00 ,3,Demi-season,Girl, Peluche&tartine ,0-15,65 % POLYESTER,35% COTTON,Demi-season 2 piece set. Jacket on fleece + Pants( lining JERSEY 65% polyester 35% cotton. Waterproof 1000 mm.
Demi-season set,72 m S17 ,Virtual Pink,6,116-122 cm, $52.00 , $65.00 ,0,Demi-season,Girl, Peluche&tartine ,0-15,65 % POLYESTER,35% COTTON,Demi-season 2 piece set. Jacket on fleece + Pants( lining JERSEY 65% polyester 35% cotton. Waterproof 1000 mm.
Demi-season set,72 m S17 ,Virtual Pink,7,122-128 cm, $52.00 , $65.00 ,0,Demi-season,Girl, Peluche&tartine ,0-15,65 % POLYESTER,35% COTTON,Demi-season 2 piece set. Jacket on fleece + Pants( lining JERSEY 65% polyester 35% cotton. Waterproof 1000 mm.
Demi-season set,72 m S17 ,Virtual Pink,8,128-134 cm, $52.00 , $65.00 ,1,Demi-season,Girl, Peluche&tartine ,0-15,65 % POLYESTER,35% COTTON,Demi-season 2 piece set. Jacket on fleece + Pants( lining JERSEY 65% polyester 35% cotton. Waterproof 1000 mm.
Demi-season set,72 m S17 ,Bright Geranium,3,96-104 cm, $52.00 , $65.00 ,0,Demi-season,Girl, Peluche&tartine ,0-15,65 % POLYESTER,35% COTTON,Demi-season 2 piece set. Jacket on fleece + Pants( lining JERSEY 65% polyester 35% cotton. Waterproof 1000 mm.
Demi-season set,72 m S17 ,Bright Geranium,4,104-112 cm, $52.00 , $65.00 ,0,Demi-season,Girl, Peluche&tartine ,0-15,65 % POLYESTER,35% COTTON,Demi-season 2 piece set. Jacket on fleece + Pants( lining JERSEY 65% polyester 35% cotton. Waterproof 1000 mm.
Demi-season set,72 m S17 ,Bright Geranium,5,110-116 cm, $52.00 , $65.00 ,0,Demi-season,Girl, Peluche&tartine ,0-15,65 % POLYESTER,35% COTTON,Demi-season 2 piece set. Jacket on fleece + Pants( lining JERSEY 65% polyester 35% cotton. Waterproof 1000 mm.
Demi-season set,72 m S17 ,Bright Geranium,6,116-122 cm, $52.00 , $65.00 ,0,Demi-season,Girl, Peluche&tartine ,0-15,65 % POLYESTER,35% COTTON,Demi-season 2 piece set. Jacket on fleece + Pants( lining JERSEY 65% polyester 35% cotton. Waterproof 1000 mm.
Demi-season set,72 m S17 ,Bright Geranium,7,122-128 cm, $52.00 , $65.00 ,0,Demi-season,Girl, Peluche&tartine ,0-15,65 % POLYESTER,35% COTTON,Demi-season 2 piece set. Jacket on fleece + Pants( lining JERSEY 65% polyester 35% cotton. Waterproof 1000 mm.
Demi-season set,72 m S17 ,Bright Geranium,8,128-134 cm, $52.00 , $65.00 ,0,Demi-season,Girl, Peluche&tartine ,0-15,65 % POLYESTER,35% COTTON,Demi-season 2 piece set. Jacket on fleece + Pants( lining JERSEY 65% polyester 35% cotton. Waterproof 1000 mm.
