set,18 BF m F16,Calypso Coral,12m,82cm, $68.0 , $84.0 ,2,Winter,Girl,Peluche&tartine,NONE,NONE,NONE,Winter set 2 piece Jacket + bib pants+ booties + mittens
set,18 BF m F16,Calypso Coral,18m,85cm, $68.0 , $84.0 ,4,Winter,Girl,Peluche&tartine,NONE,NONE,NONE,Winter set 2 piece Jacket + bib pants+ booties + mittens
set,18 BF m F16,Calypso Coral,24m,89cm, $68.0 , $84.0 ,3,Winter,Girl,Peluche&tartine,NONE,NONE,NONE,Winter set 2 piece Jacket + bib pants+ booties + mittens
set,18 BF m F16,Calypso Coral,2,97cm, $68.0 , $84.0 ,2,Winter,Girl,Peluche&tartine,NONE,NONE,NONE,Winter set 2 piece Jacket + bib pants+ booties + mittens
set,18 BF m F16,Calypso Coral,3,100cm, $68.0 , $84.0 ,0,Winter,Girl,Peluche&tartine,NONE,NONE,NONE,Winter set 2 piece Jacket + bib pants+ booties + mittens
set,18 BF m F16,Baton Rouge,12m,82cm, $68.0 , $84.0 ,2,Winter,Girl,Peluche&tartine,NONE,NONE,NONE,Winter set 2 piece Jacket + bib pants+ booties + mittens
set,18 BF m F16,Baton Rouge,18m,85cm, $68.0 , $84.0 ,2,Winter,Girl,Peluche&tartine,NONE,NONE,NONE,Winter set 2 piece Jacket + bib pants+ booties + mittens
set,18 BF m F16,Baton Rouge,24m,89cm, $68.0 , $84.0 ,4,Winter,Girl,Peluche&tartine,NONE,NONE,NONE,Winter set 2 piece Jacket + bib pants+ booties + mittens
set,18 BF m F16,Baton Rouge,2,97cm, $68.0 , $84.0 ,0,Winter,Girl,Peluche&tartine,NONE,NONE,NONE,Winter set 2 piece Jacket + bib pants+ booties + mittens
set,18 BF m F16,Baton Rouge,3,100cm, $68.0 , $84.0 ,1,Winter,Girl,Peluche&tartine,NONE,NONE,NONE,Winter set 2 piece Jacket + bib pants+ booties + mittens
set,32 BF m F16,Paradisio,12m,82cm, $68.0 , $84.0 ,3,Winter,Girl,Peluche&tartine,NONE,NONE,NONE,Winter set 2 piece Jacket + bib pants+ booties + mittens
set,32 BF m F16,Paradisio,18m,85cm, $68.0 , $84.0 ,5,Winter,Girl,Peluche&tartine,NONE,NONE,NONE,Winter set 2 piece Jacket + bib pants+ booties + mittens
set,32 BF m F16,Paradisio,24m,89cm, $68.0 , $84.0 ,7,Winter,Girl,Peluche&tartine,NONE,NONE,NONE,Winter set 2 piece Jacket + bib pants+ booties + mittens
set,32 BF m F16,Paradisio,2,97cm, $68.0 , $84.0 ,4,Winter,Girl,Peluche&tartine,NONE,NONE,NONE,Winter set 2 piece Jacket + bib pants+ booties + mittens
set,32 BF m F16,Paradisio,3,100cm, $68.0 , $84.0 ,1,Winter,Girl,Peluche&tartine,NONE,NONE,NONE,Winter set 2 piece Jacket + bib pants+ booties + mittens
set,32 BF m F16,Blackberry,12m,82cm, $68.0 , $84.0 ,4,Winter,Girl,Peluche&tartine,NONE,NONE,NONE,Winter set 2 piece Jacket + bib pants+ booties + mittens
set,32 BF m F16,Blackberry,18m,85cm, $68.0 , $84.0 ,1,Winter,Girl,Peluche&tartine,NONE,NONE,NONE,Winter set 2 piece Jacket + bib pants+ booties + mittens
set,32 BF m F16,Blackberry,24m,89cm, $68.0 , $84.0 ,0,Winter,Girl,Peluche&tartine,NONE,NONE,NONE,Winter set 2 piece Jacket + bib pants+ booties + mittens
set,32 BF m F16,Blackberry,2,97cm, $68.0 , $84.0 ,0,Winter,Girl,Peluche&tartine,NONE,NONE,NONE,Winter set 2 piece Jacket + bib pants+ booties + mittens
set,32 BF m F16,Blackberry,3,100cm, $68.0 , $84.0 ,0,Winter,Girl,Peluche&tartine,NONE,NONE,NONE,Winter set 2 piece Jacket + bib pants+ booties + mittens
set,40 BF m F16,Hot Pink,12m,82cm, $68.0 , $84.0 ,1,Winter,Girl,Peluche&tartine,NONE,NONE,NONE,Winter set 2 piece Jacket + bib pants+ booties + mittens
set,40 BF m F16,Hot Pink,18m,85cm, $68.0 , $84.0 ,3,Winter,Girl,Peluche&tartine,NONE,NONE,NONE,Winter set 2 piece Jacket + bib pants+ booties + mittens
set,40 BF m F16,Hot Pink,24m,89cm, $68.0 , $84.0 ,2,Winter,Girl,Peluche&tartine,NONE,NONE,NONE,Winter set 2 piece Jacket + bib pants+ booties + mittens
set,40 BF m F16,Hot Pink,2,97cm, $68.0 , $84.0 ,3,Winter,Girl,Peluche&tartine,NONE,NONE,NONE,Winter set 2 piece Jacket + bib pants+ booties + mittens
set,40 BF m F16,Hot Pink,3,100cm, $68.0 , $84.0 ,1,Winter,Girl,Peluche&tartine,NONE,NONE,NONE,Winter set 2 piece Jacket + bib pants+ booties + mittens
set,40 BF m F16,Lavander,12m,82cm, $68.0 , $84.0 ,4,Winter,Girl,Peluche&tartine,NONE,NONE,NONE,Winter set 2 piece Jacket + bib pants+ booties + mittens
set,40 BF m F16,Lavander,18m,85cm, $68.0 , $84.0 ,5,Winter,Girl,Peluche&tartine,NONE,NONE,NONE,Winter set 2 piece Jacket + bib pants+ booties + mittens
set,40 BF m F16,Lavander,24m,89cm, $68.0 , $84.0 ,7,Winter,Girl,Peluche&tartine,NONE,NONE,NONE,Winter set 2 piece Jacket + bib pants+ booties + mittens
set,40 BF m F16,Lavander,2,97cm, $68.0 , $84.0 ,3,Winter,Girl,Peluche&tartine,NONE,NONE,NONE,Winter set 2 piece Jacket + bib pants+ booties + mittens
set,40 BF m F16,Lavander,3,100cm, $68.0 , $84.0 ,2,Winter,Girl,Peluche&tartine,NONE,NONE,NONE,Winter set 2 piece Jacket + bib pants+ booties + mittens
set,50 EF m F16,Paradisio,3,98cm, $70.0 , $88.0 ,0,Winter,Girl,Peluche&tartine,NONE,NONE,NONE,Winter set 2 piece Jacket + bib pants
set,50 EF m F16,Paradisio,4,104 cm, $70.0 , $88.0 ,0,Winter,Girl,Peluche&tartine,NONE,NONE,NONE,Winter set 2 piece Jacket + bib pants
set,50 EF m F16,Paradisio,5,112 cm, $70.0 , $88.0 ,0,Winter,Girl,Peluche&tartine,NONE,NONE,NONE,Winter set 2 piece Jacket + bib pants
set,50 EF m F16,Paradisio,6,119 cm, $70.0 , $88.0 ,0,Winter,Girl,Peluche&tartine,NONE,NONE,NONE,Winter set 2 piece Jacket + bib pants
set,50 EF m F16,Paradisio,7,127 cm, $70.0 , $88.0 ,1,Winter,Girl,Peluche&tartine,NONE,NONE,NONE,Winter set 2 piece Jacket + bib pants
set,50 EF m F16,Paradisio,8,135 cm, $70.0 , $88.0 ,2,Winter,Girl,Peluche&tartine,NONE,NONE,NONE,Winter set 2 piece Jacket + bib pants
set,50 EF m F16,Navy,3,98cm, $70.0 , $88.0 ,0,Winter,Girl,Peluche&tartine,NONE,NONE,NONE,Winter set 2 piece Jacket + bib pants
set,50 EF m F16,Navy,4,104 cm, $70.0 , $88.0 ,0,Winter,Girl,Peluche&tartine,NONE,NONE,NONE,Winter set 2 piece Jacket + bib pants
set,50 EF m F16,Navy,5,112 cm, $70.0 , $88.0 ,0,Winter,Girl,Peluche&tartine,NONE,NONE,NONE,Winter set 2 piece Jacket + bib pants
set,50 EF m F16,Navy,6,119 cm, $70.0 , $88.0 ,0,Winter,Girl,Peluche&tartine,NONE,NONE,NONE,Winter set 2 piece Jacket + bib pants
set,50 EF m F16,Navy,7,127 cm, $70.0 , $88.0 ,1,Winter,Girl,Peluche&tartine,NONE,NONE,NONE,Winter set 2 piece Jacket + bib pants
set,50 EF m F16,Navy,8,135 cm, $70.0 , $88.0 ,2,Winter,Girl,Peluche&tartine,NONE,NONE,NONE,Winter set 2 piece Jacket + bib pants
set,52 EF m F16,Deep gray,3,98cm, $70.0 , $88.0 ,3,Winter,Girl,Peluche&tartine,NONE,NONE,NONE,Winter set 2 piece Jacket + bib pants
set,52 EF m F16,Deep gray,4,104 cm, $70.0 , $88.0 ,0,Winter,Girl,Peluche&tartine,NONE,NONE,NONE,Winter set 2 piece Jacket + bib pants
set,52 EF m F16,Deep gray,5,112 cm, $70.0 , $88.0 ,0,Winter,Girl,Peluche&tartine,NONE,NONE,NONE,Winter set 2 piece Jacket + bib pants
set,52 EF m F16,Deep gray,6,119 cm, $70.0 , $88.0 ,8,Winter,Girl,Peluche&tartine,NONE,NONE,NONE,Winter set 2 piece Jacket + bib pants
set,52 EF m F16,Deep gray,7,127 cm, $70.0 , $88.0 ,1,Winter,Girl,Peluche&tartine,NONE,NONE,NONE,Winter set 2 piece Jacket + bib pants
set,52 EF m F16,Deep gray,8,135 cm, $70.0 , $88.0 ,2,Winter,Girl,Peluche&tartine,NONE,NONE,NONE,Winter set 2 piece Jacket + bib pants
set,52 EF m F16,Paradisio,3,98cm, $70.0 , $88.0 ,0,Winter,Girl,Peluche&tartine,NONE,NONE,NONE,Winter set 2 piece Jacket + bib pants
set,52 EF m F16,Paradisio,4,104 cm, $70.0 , $88.0 ,0,Winter,Girl,Peluche&tartine,NONE,NONE,NONE,Winter set 2 piece Jacket + bib pants
set,52 EF m F16,Paradisio,5,112 cm, $70.0 , $88.0 ,1,Winter,Girl,Peluche&tartine,NONE,NONE,NONE,Winter set 2 piece Jacket + bib pants
set,52 EF m F16,Paradisio,6,119 cm, $70.0 , $88.0 ,3,Winter,Girl,Peluche&tartine,NONE,NONE,NONE,Winter set 2 piece Jacket + bib pants
set,52 EF m F16,Paradisio,7,127 cm, $70.0 , $88.0 ,1,Winter,Girl,Peluche&tartine,NONE,NONE,NONE,Winter set 2 piece Jacket + bib pants
set,52 EF m F16,Paradisio,8,135 cm, $70.0 , $88.0 ,0,Winter,Girl,Peluche&tartine,NONE,NONE,NONE,Winter set 2 piece Jacket + bib pants
set,54 EF m F16,Lipstick,3,98cm, $70.0 , $88.0 ,0,Winter,Girl,Peluche&tartine,NONE,NONE,NONE,Winter set 2 piece Jacket + bib pants
set,54 EF m F16,Lipstick,4,104 cm, $70.0 , $88.0 ,0,Winter,Girl,Peluche&tartine,NONE,NONE,NONE,Winter set 2 piece Jacket + bib pants
set,54 EF m F16,Lipstick,5,112 cm, $70.0 , $88.0 ,0,Winter,Girl,Peluche&tartine,NONE,NONE,NONE,Winter set 2 piece Jacket + bib pants
set,54 EF m F16,Lipstick,6,119 cm, $70.0 , $88.0 ,0,Winter,Girl,Peluche&tartine,NONE,NONE,NONE,Winter set 2 piece Jacket + bib pants
set,54 EF m F16,Lipstick,7,127 cm, $70.0 , $88.0 ,0,Winter,Girl,Peluche&tartine,NONE,NONE,NONE,Winter set 2 piece Jacket + bib pants
set,54 EF m F16,Lipstick,8,135 cm, $70.0 , $88.0 ,0,Winter,Girl,Peluche&tartine,NONE,NONE,NONE,Winter set 2 piece Jacket + bib pants
set,54 EF m F16,Paradisio,3,98cm, $70.0 , $88.0 ,0,Winter,Girl,Peluche&tartine,NONE,NONE,NONE,Winter set 2 piece Jacket + bib pants
set,54 EF m F16,Paradisio,4,104 cm, $70.0 , $88.0 ,0,Winter,Girl,Peluche&tartine,NONE,NONE,NONE,Winter set 2 piece Jacket + bib pants
set,54 EF m F16,Paradisio,5,112 cm, $70.0 , $88.0 ,0,Winter,Girl,Peluche&tartine,NONE,NONE,NONE,Winter set 2 piece Jacket + bib pants
set,54 EF m F16,Paradisio,6,119 cm, $70.0 , $88.0 ,0,Winter,Girl,Peluche&tartine,NONE,NONE,NONE,Winter set 2 piece Jacket + bib pants
set,54 EF m F16,Paradisio,7,127 cm, $70.0 , $88.0 ,3,Winter,Girl,Peluche&tartine,NONE,NONE,NONE,Winter set 2 piece Jacket + bib pants
set,54 EF m F16,Paradisio,8,135 cm, $70.0 , $88.0 ,2,Winter,Girl,Peluche&tartine,NONE,NONE,NONE,Winter set 2 piece Jacket + bib pants
set,58 EF m F16,Navy,3,98cm, $70.0 , $88.0 ,0,Winter,Girl,Peluche&tartine,NONE,NONE,NONE,Winter set 2 piece Jacket + bib pants
set,58 EF m F16,Navy,4,104 cm, $70.0 , $88.0 ,0,Winter,Girl,Peluche&tartine,NONE,NONE,NONE,Winter set 2 piece Jacket + bib pants
set,58 EF m F16,Navy,5,112 cm, $70.0 , $88.0 ,0,Winter,Girl,Peluche&tartine,NONE,NONE,NONE,Winter set 2 piece Jacket + bib pants
set,58 EF m F16,Navy,6,119 cm, $70.0 , $88.0 ,0,Winter,Girl,Peluche&tartine,NONE,NONE,NONE,Winter set 2 piece Jacket + bib pants
set,58 EF m F16,Navy,7,127 cm, $70.0 , $88.0 ,0,Winter,Girl,Peluche&tartine,NONE,NONE,NONE,Winter set 2 piece Jacket + bib pants
set,58 EF m F16,Navy,8,135 cm, $70.0 , $88.0 ,2,Winter,Girl,Peluche&tartine,NONE,NONE,NONE,Winter set 2 piece Jacket + bib pants
set,58 EF m F16,Black,3,98cm, $70.0 , $88.0 ,0,Winter,Girl,Peluche&tartine,NONE,NONE,NONE,Winter set 2 piece Jacket + bib pants
set,58 EF m F16,Black,4,104 cm, $70.0 , $88.0 ,0,Winter,Girl,Peluche&tartine,NONE,NONE,NONE,Winter set 2 piece Jacket + bib pants
set,58 EF m F16,Black,5,112 cm, $70.0 , $88.0 ,0,Winter,Girl,Peluche&tartine,NONE,NONE,NONE,Winter set 2 piece Jacket + bib pants
set,58 EF m F16,Black,6,119 cm, $70.0 , $88.0 ,2,Winter,Girl,Peluche&tartine,NONE,NONE,NONE,Winter set 2 piece Jacket + bib pants
set,58 EF m F16,Black,7,127 cm, $70.0 , $88.0 ,2,Winter,Girl,Peluche&tartine,NONE,NONE,NONE,Winter set 2 piece Jacket + bib pants
set,58 EF m F16,Black,8,135 cm, $70.0 , $88.0 ,2,Winter,Girl,Peluche&tartine,NONE,NONE,NONE,Winter set 2 piece Jacket + bib pants
set,,,,,,,,Winter,Girl,Peluche&tartine,NONE,NONE,NONE,Winter set 2 piece Jacket + bib pants
set,66 EF m F16,DK Raspberry,3,98cm, $70.0 , $88.0 ,0,Winter,Girl,Peluche&tartine,NONE,NONE,NONE,Winter set 2 piece Jacket + bib pants
set,66 EF m F16,DK Raspberry,4,104 cm, $70.0 , $88.0 ,0,Winter,Girl,Peluche&tartine,NONE,NONE,NONE,Winter set 2 piece Jacket + bib pants
set,66 EF m F16,DK Raspberry,5,112 cm, $70.0 , $88.0 ,0,Winter,Girl,Peluche&tartine,NONE,NONE,NONE,Winter set 2 piece Jacket + bib pants
set,66 EF m F16,DK Raspberry,6,119 cm, $70.0 , $88.0 ,1,Winter,Girl,Peluche&tartine,NONE,NONE,NONE,Winter set 2 piece Jacket + bib pants
set,66 EF m F16,DK Raspberry,7,127 cm, $70.0 , $88.0 ,1,Winter,Girl,Peluche&tartine,NONE,NONE,NONE,Winter set 2 piece Jacket + bib pants
set,66 EF m F16,DK Raspberry,8,135 cm, $70.0 , $88.0 ,3,Winter,Girl,Peluche&tartine,NONE,NONE,NONE,Winter set 2 piece Jacket + bib pants
set,66 EF m F16,Dahlia,3,98cm, $70.0 , $88.0 ,0,Winter,Girl,Peluche&tartine,NONE,NONE,NONE,Winter set 2 piece Jacket + bib pants
set,66 EF m F16,Dahlia,4,104 cm, $70.0 , $88.0 ,0,Winter,Girl,Peluche&tartine,NONE,NONE,NONE,Winter set 2 piece Jacket + bib pants
set,66 EF m F16,Dahlia,5,112 cm, $70.0 , $88.0 ,0,Winter,Girl,Peluche&tartine,NONE,NONE,NONE,Winter set 2 piece Jacket + bib pants
set,66 EF m F16,Dahlia,6,119 cm, $70.0 , $88.0 ,0,Winter,Girl,Peluche&tartine,NONE,NONE,NONE,Winter set 2 piece Jacket + bib pants
set,66 EF m F16,Dahlia,7,127 cm, $70.0 , $88.0 ,4,Winter,Girl,Peluche&tartine,NONE,NONE,NONE,Winter set 2 piece Jacket + bib pants
set,66 EF m F16,Dahlia,8,135 cm, $70.0 , $88.0 ,4,Winter,Girl,Peluche&tartine,NONE,NONE,NONE,Winter set 2 piece Jacket + bib pants
set,03 BG m F16,Pale Navy,12m,82cm, $68.0 , $84.0 ,2,Winter,Boy,Peluche&tartine,NONE,NONE,NONE,Winter set 2 piece Jacket + bib pants
set,03 BG m F16,Pale Navy,18m,85cm, $68.0 , $84.0 ,2,Winter,Boy,Peluche&tartine,NONE,NONE,NONE,Winter set 2 piece Jacket + bib pants
set,03 BG m F16,Pale Navy,24m,89cm, $68.0 , $84.0 ,3,Winter,Boy,Peluche&tartine,NONE,NONE,NONE,Winter set 2 piece Jacket + bib pants
set,03 BG m F16,Pale Navy,2,97cm, $68.0 , $84.0 ,3,Winter,Boy,Peluche&tartine,NONE,NONE,NONE,Winter set 2 piece Jacket + bib pants
set,03 BG m F16,Pale Navy,3,100cm, $68.0 , $84.0 ,3,Winter,Boy,Peluche&tartine,NONE,NONE,NONE,Winter set 2 piece Jacket + bib pants
set,03 BG m F16,Burn Orange,18m,85cm, $68.0 , $84.0 ,3,Winter,Boy,Peluche&tartine,NONE,NONE,NONE,Winter set 2 piece Jacket + bib pants
set,03 BG m F16,Burn Orange,24m,89cm, $68.0 , $84.0 ,1,Winter,Boy,Peluche&tartine,NONE,NONE,NONE,Winter set 2 piece Jacket + bib pants
set,03 BG m F16,Burn Orange,2,97cm, $68.0 , $84.0 ,4,Winter,Boy,Peluche&tartine,NONE,NONE,NONE,Winter set 2 piece Jacket + bib pants
set,03 BG m F16,Burn Orange,3,100cm, $68.0 , $84.0 ,2,Winter,Boy,Peluche&tartine,NONE,NONE,NONE,Winter set 2 piece Jacket + bib pants
set,11 BG m F16,Navy,12m,82cm, $68.0 , $84.0 ,4,Winter,Boy,Peluche&tartine,NONE,NONE,NONE,Winter set 2 piece Jacket + bib pants
set,11 BG m F16,Navy,18m,85cm, $68.0 , $84.0 ,2,Winter,Boy,Peluche&tartine,NONE,NONE,NONE,Winter set 2 piece Jacket + bib pants
set,11 BG m F16,Navy,24m,89cm, $68.0 , $84.0 ,1,Winter,Boy,Peluche&tartine,NONE,NONE,NONE,Winter set 2 piece Jacket + bib pants
set,11 BG m F16,Navy,2,97cm, $68.0 , $84.0 ,0,Winter,Boy,Peluche&tartine,NONE,NONE,NONE,Winter set 2 piece Jacket + bib pants
set,11 BG m F16,Navy,3,100cm, $68.0 , $84.0 ,1,Winter,Boy,Peluche&tartine,NONE,NONE,NONE,Winter set 2 piece Jacket + bib pants
set,11 BG m F16,Deep Gray,12m,82cm, $68.0 , $84.0 ,4,Winter,Boy,Peluche&tartine,NONE,NONE,NONE,Winter set 2 piece Jacket + bib pants
set,11 BG m F16,Deep Gray,18m,85cm, $68.0 , $84.0 ,3,Winter,Boy,Peluche&tartine,NONE,NONE,NONE,Winter set 2 piece Jacket + bib pants
set,11 BG m F16,Deep Gray,24m,89cm, $68.0 , $84.0 ,3,Winter,Boy,Peluche&tartine,NONE,NONE,NONE,Winter set 2 piece Jacket + bib pants
set,11 BG m F16,Deep Gray,2,97cm, $68.0 , $84.0 ,2,Winter,Boy,Peluche&tartine,NONE,NONE,NONE,Winter set 2 piece Jacket + bib pants
set,11 BG m F16,Deep Gray,3,100cm, $68.0 , $84.0 ,2,Winter,Boy,Peluche&tartine,NONE,NONE,NONE,Winter set 2 piece Jacket + bib pants
set,23 BG m F16,Chili,12m,82cm, $68.0 , $84.0 ,5,Winter,Boy,Peluche&tartine,NONE,NONE,NONE,Winter set 2 piece Jacket + bib pants
set,23 BG m F16,Chili,18m,85cm, $68.0 , $84.0 ,5,Winter,Boy,Peluche&tartine,NONE,NONE,NONE,Winter set 2 piece Jacket + bib pants
set,23 BG m F16,Chili,24m,89cm, $68.0 , $84.0 ,1,Winter,Boy,Peluche&tartine,NONE,NONE,NONE,Winter set 2 piece Jacket + bib pants
set,23 BG m F16,Chili,2,97cm, $68.0 , $84.0 ,0,Winter,Boy,Peluche&tartine,NONE,NONE,NONE,Winter set 2 piece Jacket + bib pants
set,23 BG m F16,Chili,3,100cm, $68.0 , $84.0 ,0,Winter,Boy,Peluche&tartine,NONE,NONE,NONE,Winter set 2 piece Jacket + bib pants
set,23 BG m F16,Fjord,12m,82cm, $68.0 , $84.0 ,5,Winter,Boy,Peluche&tartine,NONE,NONE,NONE,Winter set 2 piece Jacket + bib pants
set,23 BG m F16,Fjord,18m,85cm, $68.0 , $84.0 ,5,Winter,Boy,Peluche&tartine,NONE,NONE,NONE,Winter set 2 piece Jacket + bib pants
set,23 BG m F16,Fjord,24m,89cm, $68.0 , $84.0 ,5,Winter,Boy,Peluche&tartine,NONE,NONE,NONE,Winter set 2 piece Jacket + bib pants
set,23 BG m F16,Fjord,2,97cm, $68.0 , $84.0 ,6,Winter,Boy,Peluche&tartine,NONE,NONE,NONE,Winter set 2 piece Jacket + bib pants
set,23 BG m F16,Fjord,3,100cm, $68.0 , $84.0 ,5,Winter,Boy,Peluche&tartine,NONE,NONE,NONE,Winter set 2 piece Jacket + bib pants
set,63 EG m F16,Kimono,3,98cm, $70.0 , $88.0 ,0,Winter,Boy,Peluche&tartine,NONE,NONE,NONE,Winter set 2 piece Jacket + bib pants
set,63 EG m F16,Kimono,4,104 cm, $70.0 , $88.0 ,3,Winter,Boy,Peluche&tartine,NONE,NONE,NONE,Winter set 2 piece Jacket + bib pants
set,63 EG m F16,Kimono,5,112 cm, $70.0 , $88.0 ,5,Winter,Boy,Peluche&tartine,NONE,NONE,NONE,Winter set 2 piece Jacket + bib pants
set,63 EG m F16,Kimono,6,119 cm, $70.0 , $88.0 ,5,Winter,Boy,Peluche&tartine,NONE,NONE,NONE,Winter set 2 piece Jacket + bib pants
set,63 EG m F16,Kimono,7,127 cm, $70.0 , $88.0 ,1,Winter,Boy,Peluche&tartine,NONE,NONE,NONE,Winter set 2 piece Jacket + bib pants
set,63 EG m F16,Kimono,8,135 cm, $70.0 , $88.0 ,0,Winter,Boy,Peluche&tartine,NONE,NONE,NONE,Winter set 2 piece Jacket + bib pants
set,63 EG m F16,Dk Denim,3,98cm, $70.0 , $88.0 ,0,Winter,Boy,Peluche&tartine,NONE,NONE,NONE,Winter set 2 piece Jacket + bib pants
set,63 EG m F16,Dk Denim,4,104 cm, $70.0 , $88.0 ,0,Winter,Boy,Peluche&tartine,NONE,NONE,NONE,Winter set 2 piece Jacket + bib pants
set,63 EG m F16,Dk Denim,5,112 cm, $70.0 , $88.0 ,0,Winter,Boy,Peluche&tartine,NONE,NONE,NONE,Winter set 2 piece Jacket + bib pants
set,63 EG m F16,Dk Denim,6,119 cm, $70.0 , $88.0 ,0,Winter,Boy,Peluche&tartine,NONE,NONE,NONE,Winter set 2 piece Jacket + bib pants
set,63 EG m F16,Dk Denim,7,127 cm, $70.0 , $88.0 ,0,Winter,Boy,Peluche&tartine,NONE,NONE,NONE,Winter set 2 piece Jacket + bib pants
set,63 EG m F16,Dk Denim,8,135 cm, $70.0 , $88.0 ,0,Winter,Boy,Peluche&tartine,NONE,NONE,NONE,Winter set 2 piece Jacket + bib pants
set,67 EG m F16,Olivine,3,98cm, $70.0 , $88.0 ,0,Winter,Boy,Peluche&tartine,NONE,NONE,NONE,Winter set 2 piece Jacket + bib pants
set,67 EG m F16,Olivine,4,104 cm, $70.0 , $88.0 ,0,Winter,Boy,Peluche&tartine,NONE,NONE,NONE,Winter set 2 piece Jacket + bib pants
set,67 EG m F16,Olivine,5,112 cm, $70.0 , $88.0 ,0,Winter,Boy,Peluche&tartine,NONE,NONE,NONE,Winter set 2 piece Jacket + bib pants
set,67 EG m F16,Olivine,6,119 cm, $70.0 , $88.0 ,0,Winter,Boy,Peluche&tartine,NONE,NONE,NONE,Winter set 2 piece Jacket + bib pants
set,67 EG m F16,Olivine,7,127 cm, $70.0 , $88.0 ,0,Winter,Boy,Peluche&tartine,NONE,NONE,NONE,Winter set 2 piece Jacket + bib pants
set,67 EG m F16,Olivine,8,135 cm, $70.0 , $88.0 ,0,Winter,Boy,Peluche&tartine,NONE,NONE,NONE,Winter set 2 piece Jacket + bib pants
set,67 EG m F16,Frost Gray,3,98cm, $70.0 , $88.0 ,0,Winter,Boy,Peluche&tartine,NONE,NONE,NONE,Winter set 2 piece Jacket + bib pants
set,67 EG m F16,Frost Gray,4,104 cm, $70.0 , $88.0 ,3,Winter,Boy,Peluche&tartine,NONE,NONE,NONE,Winter set 2 piece Jacket + bib pants
set,67 EG m F16,Frost Gray,5,112 cm, $70.0 , $88.0 ,0,Winter,Boy,Peluche&tartine,NONE,NONE,NONE,Winter set 2 piece Jacket + bib pants
set,67 EG m F16,Frost Gray,6,119 cm, $70.0 , $88.0 ,2,Winter,Boy,Peluche&tartine,NONE,NONE,NONE,Winter set 2 piece Jacket + bib pants
set,67 EG m F16,Frost Gray,7,127 cm, $70.0 , $88.0 ,0,Winter,Boy,Peluche&tartine,NONE,NONE,NONE,Winter set 2 piece Jacket + bib pants
set,67 EG m F16,Frost Gray,8,135 cm, $70.0 , $88.0 ,0,Winter,Boy,Peluche&tartine,NONE,NONE,NONE,Winter set 2 piece Jacket + bib pants
set,75 EG m F16,Navy,3,98cm, $70.0 , $88.0 ,1,Winter,Boy,Peluche&tartine,NONE,NONE,NONE,Winter set 2 piece Jacket + bib pants
set,75 EG m F16,Navy,4,104 cm, $70.0 , $88.0 ,1,Winter,Boy,Peluche&tartine,NONE,NONE,NONE,Winter set 2 piece Jacket + bib pants
set,75 EG m F16,Navy,5,112 cm, $70.0 , $88.0 ,0,Winter,Boy,Peluche&tartine,NONE,NONE,NONE,Winter set 2 piece Jacket + bib pants
set,75 EG m F16,Navy,6,119 cm, $70.0 , $88.0 ,0,Winter,Boy,Peluche&tartine,NONE,NONE,NONE,Winter set 2 piece Jacket + bib pants
set,75 EG m F16,Navy,7,127 cm, $70.0 , $88.0 ,0,Winter,Boy,Peluche&tartine,NONE,NONE,NONE,Winter set 2 piece Jacket + bib pants
set,75 EG m F16,Navy,8,135 cm, $70.0 , $88.0 ,0,Winter,Boy,Peluche&tartine,NONE,NONE,NONE,Winter set 2 piece Jacket + bib pants
set,75 EG m F16,Black,3,98cm, $70.0 , $88.0 ,0,Winter,Boy,Peluche&tartine,NONE,NONE,NONE,Winter set 2 piece Jacket + bib pants
set,75 EG m F16,Black,4,104 cm, $70.0 , $88.0 ,0,Winter,Boy,Peluche&tartine,NONE,NONE,NONE,Winter set 2 piece Jacket + bib pants
set,75 EG m F16,Black,5,112 cm, $70.0 , $88.0 ,0,Winter,Boy,Peluche&tartine,NONE,NONE,NONE,Winter set 2 piece Jacket + bib pants
set,75 EG m F16,Black,6,119 cm, $70.0 , $88.0 ,2,Winter,Boy,Peluche&tartine,NONE,NONE,NONE,Winter set 2 piece Jacket + bib pants
set,75 EG m F16,Black,7,127 cm, $70.0 , $88.0 ,0,Winter,Boy,Peluche&tartine,NONE,NONE,NONE,Winter set 2 piece Jacket + bib pants
set,75 EG m F16,Black,8,135 cm, $70.0 , $88.0 ,0,Winter,Boy,Peluche&tartine,NONE,NONE,NONE,Winter set 2 piece Jacket + bib pants
set,79 EG m F16,Smoke,3,98cm, $70.0 , $88.0 ,0,Winter,Boy,Peluche&tartine,NONE,NONE,NONE,Winter set 2 piece Jacket + bib pants
set,79 EG m F16,Smoke,4,104 cm, $70.0 , $88.0 ,3,Winter,Boy,Peluche&tartine,NONE,NONE,NONE,Winter set 2 piece Jacket + bib pants
set,79 EG m F16,Smoke,5,112 cm, $70.0 , $88.0 ,0,Winter,Boy,Peluche&tartine,NONE,NONE,NONE,Winter set 2 piece Jacket + bib pants
set,79 EG m F16,Smoke,6,119 cm, $70.0 , $88.0 ,6,Winter,Boy,Peluche&tartine,NONE,NONE,NONE,Winter set 2 piece Jacket + bib pants
set,79 EG m F16,Smoke,7,127 cm, $70.0 , $88.0 ,0,Winter,Boy,Peluche&tartine,NONE,NONE,NONE,Winter set 2 piece Jacket + bib pants
set,79 EG m F16,Smoke,8,135 cm, $70.0 , $88.0 ,1,Winter,Boy,Peluche&tartine,NONE,NONE,NONE,Winter set 2 piece Jacket + bib pants
set,79 EG m F16,Imperial Blue,3,98cm, $70.0 , $88.0 ,0,Winter,Boy,Peluche&tartine,NONE,NONE,NONE,Winter set 2 piece Jacket + bib pants
set,79 EG m F16,Imperial Blue,4,104 cm, $70.0 , $88.0 ,4,Winter,Boy,Peluche&tartine,NONE,NONE,NONE,Winter set 2 piece Jacket + bib pants
set,79 EG m F16,Imperial Blue,5,112 cm, $70.0 , $88.0 ,4,Winter,Boy,Peluche&tartine,NONE,NONE,NONE,Winter set 2 piece Jacket + bib pants
set,79 EG m F16,Imperial Blue,6,119 cm, $70.0 , $88.0 ,4,Winter,Boy,Peluche&tartine,NONE,NONE,NONE,Winter set 2 piece Jacket + bib pants
set,79 EG m F16,Imperial Blue,7,127 cm, $70.0 , $88.0 ,5,Winter,Boy,Peluche&tartine,NONE,NONE,NONE,Winter set 2 piece Jacket + bib pants
set,79 EG m F16,Imperial Blue,8,135 cm, $70.0 , $88.0 ,0,Winter,Boy,Peluche&tartine,NONE,NONE,NONE,Winter set 2 piece Jacket + bib pants
hat+buff,18 ACC m F16,Deep Gray,0/6 m,, $13.5 , $16.0 ,0,Winter,Girl,Peluche&tartine,NONE,NONE,NONE,Winter knit hat + fleece buff
hat+buff,18 ACC m F16,Deep Gray,6/12 m,, $13.5 , $16.0 ,0,Winter,Girl,Peluche&tartine,NONE,NONE,NONE,Winter knit hat + fleece buff
hat+buff,18 ACC m F16,Deep Gray,12/24 m,, $13.5 , $16.0 ,4,Winter,Girl,Peluche&tartine,NONE,NONE,NONE,Winter knit hat + fleece buff
hat+buff,18 ACC m F16,Deep Gray,2/3,, $13.5 , $16.0 ,8,Winter,Girl,Peluche&tartine,NONE,NONE,NONE,Winter knit hat + fleece buff
hat+buff,18 ACC m F16,Berry,0/6 m,, $13.5 , $16.0 ,0,Winter,Girl,Peluche&tartine,NONE,NONE,NONE,Winter knit hat + fleece buff
hat+buff,18 ACC m F16,Berry,6/12 m,, $13.5 , $16.0 ,0,Winter,Girl,Peluche&tartine,NONE,NONE,NONE,Winter knit hat + fleece buff
hat+buff,18 ACC m F16,Berry,12/24 m,, $13.5 , $16.0 ,10,Winter,Girl,Peluche&tartine,NONE,NONE,NONE,Winter knit hat + fleece buff
hat+buff,18 ACC m F16,Berry,2/3,, $13.5 , $16.0 ,12,Winter,Girl,Peluche&tartine,NONE,NONE,NONE,Winter knit hat + fleece buff
hat+buff,32 BF ACC F16,mauve Rose,0/6 m,, $13.5 , $16.0 ,0,Winter,Girl,Peluche&tartine,NONE,NONE,NONE,Winter knit hat + fleece buff
hat+buff,32 BF ACC F16,mauve Rose,6/12 m,, $13.5 , $16.0 ,0,Winter,Girl,Peluche&tartine,NONE,NONE,NONE,Winter knit hat + fleece buff
hat+buff,32 BF ACC F16,mauve Rose,12/24 m,, $13.5 , $16.0 ,5,Winter,Girl,Peluche&tartine,NONE,NONE,NONE,Winter knit hat + fleece buff
hat+buff,32 BF ACC F16,mauve Rose,2/3,, $13.5 , $16.0 ,4,Winter,Girl,Peluche&tartine,NONE,NONE,NONE,Winter knit hat + fleece buff
hat+buff,32 BF ACC F16,Aquablue,0/6 m,, $13.5 , $16.0 ,0,Winter,Girl,Peluche&tartine,NONE,NONE,NONE,Winter knit hat + fleece buff
hat+buff,32 BF ACC F16,Aquablue,6/12 m,, $13.5 , $16.0 ,1,Winter,Girl,Peluche&tartine,NONE,NONE,NONE,Winter knit hat + fleece buff
hat+buff,32 BF ACC F16,Aquablue,12/24 m,, $13.5 , $16.0 ,11,Winter,Girl,Peluche&tartine,NONE,NONE,NONE,Winter knit hat + fleece buff
hat+buff,32 BF ACC F16,Aquablue,2/3,, $13.5 , $16.0 ,6,Winter,Girl,Peluche&tartine,NONE,NONE,NONE,Winter knit hat + fleece buff
hat+buff,40 BF ACC F16,Hot Pink,0/6 m,, $13.5 , $16.0 ,0,Winter,Girl,Peluche&tartine,NONE,NONE,NONE,Winter knit hat + fleece buff
hat+buff,40 BF ACC F16,Hot Pink,6/12 m,, $13.5 , $16.0 ,2,Winter,Girl,Peluche&tartine,NONE,NONE,NONE,Winter knit hat + fleece buff
hat+buff,40 BF ACC F16,Hot Pink,12/24 m,, $13.5 , $16.0 ,5,Winter,Girl,Peluche&tartine,NONE,NONE,NONE,Winter knit hat + fleece buff
hat+buff,40 BF ACC F16,Hot Pink,2/3,, $13.5 , $16.0 ,7,Winter,Girl,Peluche&tartine,NONE,NONE,NONE,Winter knit hat + fleece buff
hat+buff,40 BF ACC F16,Rose Gum,0/6 m,, $13.5 , $16.0 ,0,Winter,Girl,Peluche&tartine,NONE,NONE,NONE,Winter knit hat + fleece buff
hat+buff,40 BF ACC F16,Rose Gum,6/12 m,, $13.5 , $16.0 ,2,Winter,Girl,Peluche&tartine,NONE,NONE,NONE,Winter knit hat + fleece buff
hat+buff,40 BF ACC F16,Rose Gum,12/24 m,, $13.5 , $16.0 ,7,Winter,Girl,Peluche&tartine,NONE,NONE,NONE,Winter knit hat + fleece buff
hat+buff,40 BF ACC F16,Rose Gum,2/3,, $13.5 , $16.0 ,4,Winter,Girl,Peluche&tartine,NONE,NONE,NONE,Winter knit hat + fleece buff
hat+buff,50 EF ACC F16,Deep Gray,3 / 5,, $14.5 , $17.6 ,0,Winter,Girl,Peluche&tartine,NONE,NONE,NONE,Winter knit hat + fleece buff
hat+buff,50 EF ACC F16,Deep Gray,6 / 8,, $14.5 , $17.6 ,0,Winter,Girl,Peluche&tartine,NONE,NONE,NONE,Winter knit hat + fleece buff
hat+buff,50 EF ACC F16,Lollipop,3 / 5,, $14.5 , $17.6 ,17,Winter,Girl,Peluche&tartine,NONE,NONE,NONE,Winter knit hat + fleece buff
hat+buff,50 EF ACC F16,Lollipop,6 / 8,, $14.5 , $17.6 ,11,Winter,Girl,Peluche&tartine,NONE,NONE,NONE,Winter knit hat + fleece buff
hat+buff,52 EF ACC F16,Hot Pink,3 / 5,, $14.5 , $17.6 ,5,Winter,Girl,Peluche&tartine,NONE,NONE,NONE,Winter knit hat + fleece buff
hat+buff,52 EF ACC F16,Hot Pink,6 / 8,, $14.5 , $17.6 ,10,Winter,Girl,Peluche&tartine,NONE,NONE,NONE,Winter knit hat + fleece buff
hat+buff,52 EF ACC F16,Navy,3 / 5,, $14.5 , $17.6 ,0,Winter,Girl,Peluche&tartine,NONE,NONE,NONE,Winter knit hat + fleece buff
hat+buff,52 EF ACC F16,Navy,6 / 8,, $14.5 , $17.6 ,0,Winter,Girl,Peluche&tartine,NONE,NONE,NONE,Winter knit hat + fleece buff
hat+buff,54 EF ACC F16,Lipstick,3 / 5,, $14.5 , $17.6 ,3,Winter,Girl,Peluche&tartine,NONE,NONE,NONE,Winter knit hat + fleece buff
hat+buff,54 EF ACC F16,Lipstick,6 / 8,, $14.5 , $17.6 ,4,Winter,Girl,Peluche&tartine,NONE,NONE,NONE,Winter knit hat + fleece buff
hat+buff,54 EF ACC F16,Paradisio,3 / 5,, $14.5 , $17.6 ,10,Winter,Girl,Peluche&tartine,NONE,NONE,NONE,Winter knit hat + fleece buff
hat+buff,54 EF ACC F16,Paradisio,6 / 8,, $14.5 , $17.6 ,15,Winter,Girl,Peluche&tartine,NONE,NONE,NONE,Winter knit hat + fleece buff
hat+buff,58 EF ACC F16,Navy,3 / 5,, $14.5 , $17.6 ,6,Winter,Girl,Peluche&tartine,NONE,NONE,NONE,Winter knit hat + fleece buff
hat+buff,58 EF ACC F16,Navy,6 / 8,, $14.5 , $17.6 ,6,Winter,Girl,Peluche&tartine,NONE,NONE,NONE,Winter knit hat + fleece buff
hat+buff,58 EF ACC F16,Black,3 / 5,, $14.5 , $17.6 ,7,Winter,Girl,Peluche&tartine,NONE,NONE,NONE,Winter knit hat + fleece buff
hat+buff,58 EF ACC F16,Black,6 / 8,, $14.5 , $17.6 ,8,Winter,Girl,Peluche&tartine,NONE,NONE,NONE,Winter knit hat + fleece buff
hat+buff,66 EF ACC F16,Deep Gray,3/5,, $14.5 , $17.6 ,8,Winter,Girl,Peluche&tartine,NONE,NONE,NONE,Winter knit hat + fleece buff
hat+buff,66 EF ACC F16,Deep Gray,6/8,, $14.5 , $17.6 ,8,Winter,Girl,Peluche&tartine,NONE,NONE,NONE,Winter knit hat + fleece buff
hat+buff,66 EF ACC F16,Navy,3/5,, $14.5 , $17.6 ,7,Winter,Girl,Peluche&tartine,NONE,NONE,NONE,Winter knit hat + fleece buff
hat+buff,66 EF ACC F16,Navy,6/8,, $14.5 , $17.6 ,9,Winter,Girl,Peluche&tartine,NONE,NONE,NONE,Winter knit hat + fleece buff
hat+buff,03 BG ACC F16,Vibrant Green,0/6 m,, $13.5 , $16.0 ,0,Winter,Girl,Peluche&tartine,NONE,NONE,NONE,Winter knit hat + fleece buff
hat+buff,03 BG ACC F16,Vibrant Green,6/12 m,, $13.5 , $16.0 ,1,Winter,Girl,Peluche&tartine,NONE,NONE,NONE,Winter knit hat + fleece buff
hat+buff,03 BG ACC F16,Vibrant Green,12/24 m,, $13.5 , $16.0 ,7,Winter,Girl,Peluche&tartine,NONE,NONE,NONE,Winter knit hat + fleece buff
hat+buff,03 BG ACC F16,Vibrant Green,2/3,, $13.5 , $16.0 ,6,Winter,Girl,Peluche&tartine,NONE,NONE,NONE,Winter knit hat + fleece buff
hat+buff,03 BG ACC F16,Burn Orange,0/6 m,, $13.5 , $16.0 ,0,Winter,Unisex,Peluche&tartine,NONE,NONE,NONE,Winter knit hat + fleece buff
hat+buff,03 BG ACC F16,Burn Orange,6/12 m,, $13.5 , $16.0 ,0,Winter,Unisex,Peluche&tartine,NONE,NONE,NONE,Winter knit hat + fleece buff
hat+buff,03 BG ACC F16,Burn Orange,12/24 m,, $13.5 , $16.0 ,3,Winter,Unisex,Peluche&tartine,NONE,NONE,NONE,Winter knit hat + fleece buff
hat+buff,03 BG ACC F16,Burn Orange,2/3,, $13.5 , $16.0 ,8,Winter,Unisex,Peluche&tartine,NONE,NONE,NONE,Winter knit hat + fleece buff
hat+buff,11 BG ACC F16,Federal Blue,0/6 m,, $13.5 , $16.0 ,2,Winter,Unisex,Peluche&tartine,NONE,NONE,NONE,Winter knit hat + fleece buff
hat+buff,11 BG ACC F16,Federal Blue,6/12 m,, $13.5 , $16.0 ,0,Winter,Unisex,Peluche&tartine,NONE,NONE,NONE,Winter knit hat + fleece buff
hat+buff,11 BG ACC F16,Federal Blue,12/24 m,, $13.5 , $16.0 ,7,Winter,Unisex,Peluche&tartine,NONE,NONE,NONE,Winter knit hat + fleece buff
hat+buff,11 BG ACC F16,Federal Blue,2/3,, $13.5 , $16.0 ,7,Winter,Unisex,Peluche&tartine,NONE,NONE,NONE,Winter knit hat + fleece buff
hat+buff,11 BG ACC F16,Smoke,0/6 m,, $13.5 , $16.0 ,0,Winter,Unisex,Peluche&tartine,NONE,NONE,NONE,Winter knit hat + fleece buff
hat+buff,11 BG ACC F16,Smoke,6/12 m,, $13.5 , $16.0 ,0,Winter,Unisex,Peluche&tartine,NONE,NONE,NONE,Winter knit hat + fleece buff
hat+buff,11 BG ACC F16,Smoke,12/24 m,, $13.5 , $16.0 ,11,Winter,Unisex,Peluche&tartine,NONE,NONE,NONE,Winter knit hat + fleece buff
hat+buff,11 BG ACC F16,Smoke,2/3,, $13.5 , $16.0 ,8,Winter,Unisex,Peluche&tartine,NONE,NONE,NONE,Winter knit hat + fleece buff
hat+buff,23 BG ACC F16,Chili,0/6 m,, $13.5 , $16.0 ,1,Winter,Unisex,Peluche&tartine,NONE,NONE,NONE,Winter knit hat + fleece buff
hat+buff,23 BG ACC F16,Chili,6/12 m,, $13.5 , $16.0 ,1,Winter,Unisex,Peluche&tartine,NONE,NONE,NONE,Winter knit hat + fleece buff
hat+buff,23 BG ACC F16,Chili,12/24 m,, $13.5 , $16.0 ,8,Winter,Unisex,Peluche&tartine,NONE,NONE,NONE,Winter knit hat + fleece buff
hat+buff,23 BG ACC F16,Chili,2/3,, $13.5 , $16.0 ,5,Winter,Unisex,Peluche&tartine,NONE,NONE,NONE,Winter knit hat + fleece buff
hat+buff,23 BG ACC F16,Uktralime,0/6 m,, $13.5 , $16.0 ,0,Winter,Unisex,Peluche&tartine,NONE,NONE,NONE,Winter knit hat + fleece buff
hat+buff,23 BG ACC F16,Uktralime,6/12 m,, $13.5 , $16.0 ,2,Winter,Unisex,Peluche&tartine,NONE,NONE,NONE,Winter knit hat + fleece buff
hat+buff,23 BG ACC F16,Uktralime,12/24 m,, $13.5 , $16.0 ,6,Winter,Unisex,Peluche&tartine,NONE,NONE,NONE,Winter knit hat + fleece buff
hat+buff,23 BG ACC F16,Uktralime,2/3,, $13.5 , $16.0 ,7,Winter,Unisex,Peluche&tartine,NONE,NONE,NONE,Winter knit hat + fleece buff
hat+buff,63 EG ACC F16,Kimono,3 / 5,, $14.5 , $17.6 ,11,Winter,Unisex,Peluche&tartine,NONE,NONE,NONE,Winter knit hat + fleece buff
hat+buff,63 EG ACC F16,Kimono,6 / 8,, $14.5 , $17.6 ,6,Winter,Unisex,Peluche&tartine,NONE,NONE,NONE,Winter knit hat + fleece buff
hat+buff,63 EG ACC F16,Dk Denim,3 / 5,, $14.5 , $17.6 ,5,Winter,Unisex,Peluche&tartine,NONE,NONE,NONE,Winter knit hat + fleece buff
hat+buff,63 EG ACC F16,Dk Denim,6 / 8,, $14.5 , $17.6 ,11,Winter,Unisex,Peluche&tartine,NONE,NONE,NONE,Winter knit hat + fleece buff
hat+buff,67 EG ACC F16,Olivine,3 / 5,, $14.5 , $17.6 ,6,Winter,Boy,Peluche&tartine,NONE,NONE,NONE,Winter knit hat + fleece buff
hat+buff,67 EG ACC F16,Olivine,6 / 8,, $14.5 , $17.6 ,4,Winter,Boy,Peluche&tartine,NONE,NONE,NONE,Winter knit hat + fleece buff
hat+buff,67 EG ACC F16,Frost Gray,3 / 5,, $14.5 , $17.6 ,1,Winter,Boy,Peluche&tartine,NONE,NONE,NONE,Winter knit hat + fleece buff
hat+buff,67 EG ACC F16,Frost Gray,6 / 8,, $14.5 , $17.6 ,4,Winter,Boy,Peluche&tartine,NONE,NONE,NONE,Winter knit hat + fleece buff
hat+buff,75 EG ACC F16,Navy,3 / 5,, $14.5 , $17.6 ,9,Winter,Boy,Peluche&tartine,NONE,NONE,NONE,Winter knit hat + fleece buff
hat+buff,75 EG ACC F16,Navy,6 / 8,, $14.5 , $17.6 ,13,Winter,Boy,Peluche&tartine,NONE,NONE,NONE,Winter knit hat + fleece buff
hat+buff,75 EG ACC F16,Black,3 / 5,, $14.5 , $17.6 ,20,Winter,Boy,Peluche&tartine,NONE,NONE,NONE,Winter knit hat + fleece buff
hat+buff,75 EG ACC F16,Black,6 / 8,, $14.5 , $17.6 ,10,Winter,Boy,Peluche&tartine,NONE,NONE,NONE,Winter knit hat + fleece buff
hat+buff,79 EG ACC F16,Spicy,3 / 5,, $14.5 , $17.6 ,4,Winter,Boy,Peluche&tartine,NONE,NONE,NONE,Winter knit hat + fleece buff
hat+buff,79 EG ACC F16,Spicy,6 / 8,, $14.5 , $17.6 ,5,Winter,Boy,Peluche&tartine,NONE,NONE,NONE,Winter knit hat + fleece buff
hat+buff,79 EG ACC F16,Imperial Blue,3 / 5,, $14.5 , $17.6 ,12,Winter,Boy,Peluche&tartine,NONE,NONE,NONE,Winter knit hat + fleece buff
hat+buff,79 EG ACC F16,Imperial Blue,6 / 8,, $14.5 , $17.6 ,6,Winter,Boy,Peluche&tartine,NONE,NONE,NONE,Winter knit hat + fleece buff
mittens,58 EF mIT F16,Black,3/4,, $10.5 , $12.4 ,4,Winter,Unisex,Peluche&tartine,NONE,NONE,NONE,Waterproof mittens
mittens,58 EF mIT F16,Black,5/6,, $10.5 , $12.4 ,7,Winter,Unisex,Peluche&tartine,NONE,NONE,NONE,Waterproof mittens
mittens,58 EF mIT F16,Black,7/8,, $10.5 , $12.4 ,14,Winter,Unisex,Peluche&tartine,NONE,NONE,NONE,Waterproof mittens
mittens,00 EF mIT F16,Deep Gray,3/4,, $10.5 , $12.4 ,5,Winter,Unisex,Peluche&tartine,NONE,NONE,NONE,Waterproof mittens
mittens,00 EF mIT F16,Deep Gray,5/6,, $10.5 , $12.4 ,19,Winter,Unisex,Peluche&tartine,NONE,NONE,NONE,Waterproof mittens
mittens,00 EF mIT F16,Deep Gray,7/8,, $10.5 , $12.4 ,15,Winter,Unisex,Peluche&tartine,NONE,NONE,NONE,Waterproof mittens
mittens,50 EF mIT F16,Navy,3/4,, $10.5 , $12.4 ,16,Winter,Unisex,Peluche&tartine,NONE,NONE,NONE,Waterproof mittens
mittens,50 EF mIT F16,Navy,5/6,, $10.5 , $12.4 ,9,Winter,Unisex,Peluche&tartine,NONE,NONE,NONE,Waterproof mittens
mittens,50 EF mIT F16,Navy,7/8,, $10.5 , $12.4 ,12,Winter,Unisex,Peluche&tartine,NONE,NONE,NONE,Waterproof mittens
mittens,52 EF mIT F16,Hot Pink,3/4,, $10.5 , $12.4 ,7,Winter,Unisex,Peluche&tartine,NONE,NONE,NONE,Waterproof mittens
mittens,52 EF mIT F16,Hot Pink,5/6,, $10.5 , $12.4 ,10,Winter,Unisex,Peluche&tartine,NONE,NONE,NONE,Waterproof mittens
mittens,52 EF mIT F16,Hot Pink,7/8,, $10.5 , $12.4 ,14,Winter,Unisex,Peluche&tartine,NONE,NONE,NONE,Waterproof mittens
mittens,54 EF mIT F16,Blackberry,3/4,, $10.5 , $12.4 ,9,Winter,Unisex,Peluche&tartine,NONE,NONE,NONE,Waterproof mittens
mittens,54 EF mIT F16,Blackberry,5/6,, $10.5 , $12.4 ,14,Winter,Unisex,Peluche&tartine,NONE,NONE,NONE,Waterproof mittens
mittens,54 EF mIT F16,Blackberry,7/8,, $10.5 , $12.4 ,14,Winter,Unisex,Peluche&tartine,NONE,NONE,NONE,Waterproof mittens
